"char","unicode","occurrences","position","negative","neutral","positive","sentiment_score","description","block"
"ğŸ˜‚",128514,14622,0.805,0.247,0.285,0.468,0.221,"FACE WITH TEARS OF JOY","Emoticons"
"â¤",10084,8050,0.747,0.044,0.166,0.79,0.746,"HEAVY BLACK HEART","Dingbats"
"â™¥",9829,7144,0.754,0.035,0.272,0.693,0.657,"BLACK HEART SUIT","Miscellaneous Symbols"
"ğŸ˜",128525,6359,0.765,0.052,0.219,0.729,0.678,"SMILING FACE WITH HEART-SHAPED EYES","Emoticons"
"ğŸ˜­",128557,5526,0.803,0.436,0.22,0.343,-0.093,"LOUDLY CRYING FACE","Emoticons"
"ğŸ˜˜",128536,3648,0.854,0.053,0.193,0.754,0.701,"FACE THROWING A KISS","Emoticons"
"ğŸ˜Š",128522,3186,0.813,0.06,0.237,0.704,0.644,"SMILING FACE WITH SMILING EYES","Emoticons"
"ğŸ‘Œ",128076,2925,0.805,0.094,0.249,0.657,0.563,"OK HAND SIGN","Miscellaneous Symbols and Pictographs"
"ğŸ’•",128149,2400,0.766,0.042,0.285,0.674,0.632,"TWO HEARTS","Miscellaneous Symbols and Pictographs"
"ğŸ‘",128079,2336,0.787,0.104,0.271,0.624,0.52,"CLAPPING HANDS SIGN","Miscellaneous Symbols and Pictographs"
"ğŸ˜",128513,2189,0.796,0.127,0.296,0.577,0.449,"GRINNING FACE WITH SMILING EYES","Emoticons"
"â˜º",9786,2062,0.799,0.062,0.218,0.72,0.657,"WHITE SMILING FACE","Miscellaneous Symbols"
"â™¡",9825,1975,0.764,0.052,0.227,0.721,0.669,"WHITE HEART SUIT","Miscellaneous Symbols"
"ğŸ‘",128077,1854,0.812,0.115,0.248,0.637,0.521,"THUMBS UP SIGN","Miscellaneous Symbols and Pictographs"
"ğŸ˜©",128553,1808,0.826,0.591,0.186,0.223,-0.368,"WEARY FACE","Emoticons"
"ğŸ™",128591,1539,0.794,0.081,0.421,0.498,0.417,"PERSON WITH FOLDED HANDS","Emoticons"
"âœŒ",9996,1534,0.79,0.113,0.31,0.576,0.463,"VICTORY HAND","Dingbats"
"ğŸ˜",128527,1522,0.765,0.112,0.444,0.444,0.332,"SMIRKING FACE","Emoticons"
"ğŸ˜‰",128521,1521,0.845,0.1,0.337,0.563,0.463,"WINKING FACE","Emoticons"
"ğŸ™Œ",128588,1506,0.791,0.101,0.238,0.661,0.559,"PERSON RAISING BOTH HANDS IN CELEBRATION","Emoticons"
"ğŸ™ˆ",128584,1456,0.739,0.164,0.241,0.596,0.432,"SEE-NO-EVIL MONKEY","Emoticons"
"ğŸ’ª",128170,1409,0.807,0.072,0.301,0.627,0.555,"FLEXED BICEPS","Miscellaneous Symbols and Pictographs"
"ğŸ˜„",128516,1398,0.795,0.137,0.305,0.558,0.421,"SMILING FACE WITH OPEN MOUTH AND SMILING EYES","Emoticons"
"ğŸ˜’",128530,1385,0.858,0.591,0.192,0.217,-0.374,"UNAMUSED FACE","Emoticons"
"ğŸ’ƒ",128131,1344,0.853,0.045,0.177,0.779,0.734,"DANCER","Miscellaneous Symbols and Pictographs"
"ğŸ’–",128150,1263,0.762,0.043,0.201,0.755,0.712,"SPARKLING HEART","Miscellaneous Symbols and Pictographs"
"ğŸ˜ƒ",128515,1206,0.735,0.072,0.299,0.629,0.557,"SMILING FACE WITH OPEN MOUTH","Emoticons"
"ğŸ˜”",128532,1205,0.866,0.464,0.219,0.318,-0.146,"PENSIVE FACE","Emoticons"
"ğŸ˜±",128561,1130,0.773,0.264,0.282,0.454,0.19,"FACE SCREAMING IN FEAR","Emoticons"
"ğŸ‰",127881,1125,0.744,0.039,0.184,0.777,0.738,"PARTY POPPER","Miscellaneous Symbols and Pictographs"
"ğŸ˜œ",128540,1035,0.822,0.112,0.322,0.566,0.455,"FACE WITH STUCK-OUT TONGUE AND WINKING EYE","Emoticons"
"â˜¯",9775,992,0.384,0.006,0.987,0.007,0.001,"YIN YANG","Miscellaneous Symbols"
"ğŸŒ¸",127800,946,0.57,0.04,0.27,0.69,0.65,"CHERRY BLOSSOM","Miscellaneous Symbols and Pictographs"
"ğŸ’œ",128156,939,0.731,0.045,0.257,0.699,0.654,"PURPLE HEART","Miscellaneous Symbols and Pictographs"
"ğŸ’™",128153,912,0.703,0.033,0.204,0.763,0.73,"BLUE HEART","Miscellaneous Symbols and Pictographs"
"âœ¨",10024,848,0.56,0.052,0.545,0.403,0.351,"SPARKLES","Dingbats"
"ğŸ˜³",128563,846,0.797,0.327,0.327,0.345,0.018,"FLUSHED FACE","Emoticons"
"ğŸ’—",128151,836,0.8,0.051,0.241,0.708,0.657,"GROWING HEART","Miscellaneous Symbols and Pictographs"
"â˜…",9733,828,0.353,0.031,0.655,0.314,0.283,"BLACK STAR","Miscellaneous Symbols"
"â–ˆ",9608,798,0.634,0.09,0.853,0.057,-0.032,"FULL BLOCK","Block Elements"
"â˜€",9728,786,0.546,0.028,0.479,0.493,0.465,"BLACK SUN WITH RAYS","Miscellaneous Symbols"
"ğŸ˜¡",128545,756,0.862,0.532,0.108,0.36,-0.173,"POUTING FACE","Emoticons"
"ğŸ˜",128526,754,0.766,0.106,0.297,0.597,0.491,"SMILING FACE WITH SUNGLASSES","Emoticons"
"ğŸ˜¢",128546,749,0.814,0.384,0.225,0.391,0.007,"CRYING FACE","Emoticons"
"ğŸ’‹",128139,734,0.801,0.039,0.231,0.73,0.691,"KISS MARK","Miscellaneous Symbols and Pictographs"
"ğŸ˜‹",128523,734,0.765,0.046,0.277,0.677,0.631,"FACE SAVOURING DELICIOUS FOOD","Emoticons"
"ğŸ™Š",128586,725,0.741,0.135,0.272,0.593,0.459,"SPEAK-NO-EVIL MONKEY","Emoticons"
"ğŸ˜´",128564,718,0.85,0.422,0.237,0.341,-0.08,"SLEEPING FACE","Emoticons"
"ğŸ¶",127926,701,0.797,0.097,0.27,0.634,0.537,"MULTIPLE MUSICAL NOTES","Miscellaneous Symbols and Pictographs"
"ğŸ’",128158,687,0.829,0.041,0.18,0.78,0.739,"REVOLVING HEARTS","Miscellaneous Symbols and Pictographs"
"ğŸ˜Œ",128524,665,0.847,0.141,0.237,0.623,0.482,"RELIEVED FACE","Emoticons"
"ğŸ”¥",128293,651,0.616,0.124,0.613,0.263,0.139,"FIRE","Miscellaneous Symbols and Pictographs"
"ğŸ’¯",128175,637,0.872,0.281,0.317,0.402,0.12,"HUNDRED POINTS SYMBOL","Miscellaneous Symbols and Pictographs"
"ğŸ”«",128299,604,0.894,0.493,0.209,0.298,-0.194,"PISTOL","Miscellaneous Symbols and Pictographs"
"ğŸ’›",128155,602,0.752,0.043,0.205,0.752,0.709,"YELLOW HEART","Miscellaneous Symbols and Pictographs"
"ğŸ’",128129,549,0.84,0.192,0.29,0.518,0.326,"INFORMATION DESK PERSON","Miscellaneous Symbols and Pictographs"
"ğŸ’š",128154,537,0.737,0.078,0.189,0.733,0.656,"GREEN HEART","Miscellaneous Symbols and Pictographs"
"â™«",9835,533,0.397,0.063,0.586,0.351,0.287,"BEAMED EIGHTH NOTES","Miscellaneous Symbols"
"ğŸ˜",128542,532,0.825,0.479,0.161,0.361,-0.118,"DISAPPOINTED FACE","Emoticons"
"ğŸ˜†",128518,527,0.809,0.155,0.281,0.564,0.409,"SMILING FACE WITH OPEN MOUTH AND TIGHTLY-CLOSED EYES","Emoticons"
"ğŸ˜",128541,496,0.809,0.132,0.313,0.555,0.423,"FACE WITH STUCK-OUT TONGUE AND TIGHTLY-CLOSED EYES","Emoticons"
"ğŸ˜ª",128554,482,0.858,0.431,0.219,0.351,-0.08,"SLEEPY FACE","Emoticons"
"ï¿½",65533,472,0.113,0.166,0.581,0.253,0.086,"REPLACEMENT CHARACTER","Specials"
"ğŸ˜«",128555,467,0.84,0.485,0.174,0.34,-0.145,"TIRED FACE","Emoticons"
"ğŸ˜…",128517,462,0.828,0.292,0.237,0.471,0.178,"SMILING FACE WITH OPEN MOUTH AND COLD SWEAT","Emoticons"
"ğŸ‘Š",128074,458,0.825,0.265,0.243,0.492,0.228,"FISTED HAND SIGN","Miscellaneous Symbols and Pictographs"
"ğŸ’€",128128,456,0.739,0.468,0.27,0.261,-0.207,"SKULL","Miscellaneous Symbols and Pictographs"
"ğŸ˜€",128512,439,0.786,0.086,0.26,0.654,0.568,"GRINNING FACE","Emoticons"
"ğŸ˜š",128538,424,0.853,0.049,0.192,0.759,0.71,"KISSING FACE WITH CLOSED EYES","Emoticons"
"ğŸ˜»",128571,417,0.73,0.069,0.243,0.688,0.619,"SMILING CAT FACE WITH HEART-SHAPED EYES","Emoticons"
"Â©",169,416,0.74,0.131,0.621,0.248,0.117,"COPYRIGHT SIGN","Latin-1 Supplement"
"ğŸ‘€",128064,410,0.759,0.228,0.482,0.291,0.063,"EYES","Miscellaneous Symbols and Pictographs"
"ğŸ’˜",128152,395,0.785,0.048,0.221,0.731,0.683,"HEART WITH ARROW","Miscellaneous Symbols and Pictographs"
"ğŸ“",128019,384,0.491,0.109,0.755,0.137,0.028,"ROOSTER","Miscellaneous Symbols and Pictographs"
"â˜•",9749,382,0.685,0.14,0.475,0.384,0.244,"HOT BEVERAGE","Miscellaneous Symbols"
"ğŸ‘‹",128075,382,0.798,0.158,0.27,0.571,0.413,"WAVING HAND SIGN","Miscellaneous Symbols and Pictographs"
"âœ‹",9995,378,0.838,0.328,0.218,0.454,0.126,"RAISED HAND","Dingbats"
"ğŸŠ",127882,363,0.724,0.057,0.164,0.779,0.721,"CONFETTI BALL","Miscellaneous Symbols and Pictographs"
"ğŸ•",127829,352,0.545,0.056,0.47,0.473,0.417,"SLICE OF PIZZA","Miscellaneous Symbols and Pictographs"
"â„",10052,349,0.76,0.099,0.295,0.605,0.506,"SNOWFLAKE","Dingbats"
"ğŸ˜¥",128549,341,0.882,0.317,0.244,0.439,0.122,"DISAPPOINTED BUT RELIEVED FACE","Emoticons"
"ğŸ˜•",128533,340,0.857,0.601,0.195,0.204,-0.397,"CONFUSED FACE","Emoticons"
"ğŸ’¥",128165,329,0.587,0.072,0.708,0.22,0.148,"COLLISION SYMBOL","Miscellaneous Symbols and Pictographs"
"ğŸ’”",128148,328,0.836,0.414,0.293,0.293,-0.121,"BROKEN HEART","Miscellaneous Symbols and Pictographs"
"ğŸ˜¤",128548,327,0.884,0.479,0.252,0.27,-0.209,"FACE WITH LOOK OF TRIUMPH","Emoticons"
"ğŸ˜ˆ",128520,325,0.762,0.204,0.326,0.47,0.265,"SMILING FACE WITH HORNS","Emoticons"
"â–º",9658,325,0.516,0.125,0.588,0.287,0.162,"BLACK RIGHT-POINTING POINTER","Geometric Shapes"
"âœˆ",9992,322,0.522,0.043,0.498,0.458,0.415,"AIRPLANE","Dingbats"
"ğŸ”",128285,303,0.798,0.088,0.35,0.562,0.474,"TOP WITH UPWARDS ARROW ABOVE","Miscellaneous Symbols and Pictographs"
"ğŸ˜°",128560,302,0.92,0.436,0.148,0.416,-0.02,"FACE WITH OPEN MOUTH AND COLD SWEAT","Emoticons"
"âš½",9917,299,0.193,0.053,0.278,0.669,0.616,"SOCCER BALL","Miscellaneous Symbols"
"ğŸ˜‘",128529,299,0.844,0.513,0.285,0.202,-0.311,"EXPRESSIONLESS FACE","Emoticons"
"ğŸ‘‘",128081,298,0.699,0.043,0.219,0.738,0.694,"CROWN","Miscellaneous Symbols and Pictographs"
"ğŸ˜¹",128569,295,0.807,0.299,0.262,0.44,0.141,"CAT FACE WITH TEARS OF JOY","Emoticons"
"ğŸ‘‰",128073,292,0.559,0.071,0.468,0.461,0.39,"WHITE RIGHT POINTING BACKHAND INDEX","Miscellaneous Symbols and Pictographs"
"ğŸƒ",127811,291,0.572,0.102,0.418,0.48,0.378,"LEAF FLUTTERING IN WIND","Miscellaneous Symbols and Pictographs"
"ğŸ",127873,288,0.709,0.041,0.158,0.801,0.759,"WRAPPED PRESENT","Miscellaneous Symbols and Pictographs"
"ğŸ˜ ",128544,288,0.849,0.564,0.172,0.265,-0.299,"ANGRY FACE","Emoticons"
"ğŸ§",128039,284,0.54,0.042,0.46,0.498,0.456,"PENGUIN","Miscellaneous Symbols and Pictographs"
"â˜†",9734,282,0.563,0.032,0.509,0.46,0.428,"WHITE STAR","Miscellaneous Symbols"
"ğŸ€",127808,278,0.768,0.025,0.665,0.31,0.285,"FOUR LEAF CLOVER","Miscellaneous Symbols and Pictographs"
"ğŸˆ",127880,277,0.719,0.018,0.246,0.736,0.718,"BALLOON","Miscellaneous Symbols and Pictographs"
"ğŸ…",127877,274,0.801,0.029,0.625,0.347,0.318,"FATHER CHRISTMAS","Miscellaneous Symbols and Pictographs"
"ğŸ˜“",128531,273,0.845,0.431,0.217,0.351,-0.08,"FACE WITH COLD SWEAT","Emoticons"
"ğŸ˜£",128547,271,0.903,0.54,0.131,0.328,-0.212,"PERSEVERING FACE","Emoticons"
"ğŸ˜",128528,270,0.883,0.553,0.282,0.165,-0.388,"NEUTRAL FACE","Emoticons"
"âœŠ",9994,270,0.859,0.139,0.293,0.568,0.429,"RAISED FIST","Dingbats"
"ğŸ˜¨",128552,269,0.814,0.434,0.272,0.294,-0.14,"FEARFUL FACE","Emoticons"
"ğŸ˜–",128534,268,0.869,0.483,0.188,0.328,-0.155,"CONFOUNDED FACE","Emoticons"
"ğŸ’¤",128164,267,0.8,0.144,0.341,0.515,0.37,"SLEEPING SYMBOL","Miscellaneous Symbols and Pictographs"
"ğŸ’“",128147,259,0.783,0.061,0.214,0.725,0.664,"BEATING HEART","Miscellaneous Symbols and Pictographs"
"ğŸ‘",128078,258,0.914,0.494,0.199,0.307,-0.188,"THUMBS DOWN SIGN","Miscellaneous Symbols and Pictographs"
"ğŸ’¦",128166,252,0.779,0.141,0.247,0.612,0.471,"SPLASHING SWEAT SYMBOL","Miscellaneous Symbols and Pictographs"
"âœ”",10004,249,0.565,0.127,0.476,0.397,0.27,"HEAVY CHECK MARK","Dingbats"
"ğŸ˜·",128567,246,0.84,0.474,0.221,0.305,-0.169,"FACE WITH MEDICAL MASK","Emoticons"
"âš¡",9889,246,0.779,0.044,0.735,0.221,0.177,"HIGH VOLTAGE SIGN","Miscellaneous Symbols"
"ğŸ™‹",128587,236,0.733,0.13,0.255,0.615,0.485,"HAPPY PERSON RAISING ONE HAND","Emoticons"
"ğŸ„",127876,236,0.633,0.067,0.335,0.598,0.531,"CHRISTMAS TREE","Miscellaneous Symbols and Pictographs"
"ğŸ’©",128169,229,0.84,0.409,0.297,0.293,-0.116,"PILE OF POO","Miscellaneous Symbols and Pictographs"
"ğŸµ",127925,223,0.715,0.106,0.288,0.606,0.5,"MUSICAL NOTE","Miscellaneous Symbols and Pictographs"
"â¡",10145,222,0.478,0.013,0.827,0.16,0.147,"BLACK RIGHTWARDS ARROW","Dingbats"
"ğŸ˜›",128539,220,0.734,0.085,0.229,0.686,0.601,"FACE WITH STUCK-OUT TONGUE","Emoticons"
"ğŸ˜¬",128556,214,0.794,0.267,0.272,0.461,0.194,"GRIMACING FACE","Emoticons"
"ğŸ‘¯",128111,211,0.742,0.117,0.327,0.556,0.439,"WOMAN WITH BUNNY EARS","Miscellaneous Symbols and Pictographs"
"ğŸ’",128142,209,0.694,0.057,0.325,0.618,0.561,"GEM STONE","Miscellaneous Symbols and Pictographs"
"ğŸŒ¿",127807,208,0.6,0.009,0.597,0.393,0.384,"HERB","Miscellaneous Symbols and Pictographs"
"ğŸ‚",127874,201,0.748,0.083,0.221,0.696,0.613,"BIRTHDAY CAKE","Miscellaneous Symbols and Pictographs"
"ğŸŒŸ",127775,199,0.655,0.059,0.554,0.386,0.327,"GLOWING STAR","Miscellaneous Symbols and Pictographs"
"ğŸ”®",128302,199,0.333,0.035,0.663,0.302,0.267,"CRYSTAL BALL","Miscellaneous Symbols and Pictographs"
"â—",10071,198,0.62,0.159,0.582,0.259,0.1,"HEAVY EXCLAMATION MARK SYMBOL","Dingbats"
"ğŸ‘«",128107,197,0.664,0.22,0.305,0.475,0.255,"MAN AND WOMAN HOLDING HANDS","Miscellaneous Symbols and Pictographs"
"ğŸ†",127942,194,0.706,0.036,0.203,0.761,0.726,"TROPHY","Miscellaneous Symbols and Pictographs"
"âœ–",10006,193,0.515,0.046,0.597,0.357,0.311,"HEAVY MULTIPLICATION X","Dingbats"
"â˜",9757,191,0.76,0.144,0.402,0.454,0.309,"WHITE UP POINTING INDEX","Miscellaneous Symbols"
"ğŸ˜™",128537,191,0.876,0.021,0.18,0.799,0.778,"KISSING FACE WITH SMILING EYES","Emoticons"
"â›„",9924,191,0.739,0.077,0.325,0.598,0.521,"SNOWMAN WITHOUT SNOW","Miscellaneous Symbols"
"ğŸ‘…",128069,190,0.738,0.124,0.29,0.585,0.461,"TONGUE","Miscellaneous Symbols and Pictographs"
"â™ª",9834,190,0.696,0.083,0.301,0.617,0.534,"EIGHTH NOTE","Miscellaneous Symbols"
"ğŸ‚",127810,189,0.635,0.036,0.38,0.583,0.547,"FALLEN LEAF","Miscellaneous Symbols and Pictographs"
"ğŸ’",128143,185,0.729,0.181,0.25,0.569,0.388,"KISS","Miscellaneous Symbols and Pictographs"
"ğŸ”ª",128298,183,0.764,0.21,0.511,0.28,0.07,"HOCHO","Miscellaneous Symbols and Pictographs"
"ğŸŒ´",127796,178,0.676,0.077,0.32,0.602,0.525,"PALM TREE","Miscellaneous Symbols and Pictographs"
"ğŸ‘ˆ",128072,174,0.701,0.085,0.407,0.508,0.424,"WHITE LEFT POINTING BACKHAND INDEX","Miscellaneous Symbols and Pictographs"
"ğŸŒ¹",127801,172,0.664,0.023,0.354,0.623,0.6,"ROSE","Miscellaneous Symbols and Pictographs"
"ğŸ™†",128582,171,0.84,0.092,0.316,0.592,0.5,"FACE WITH OK GESTURE","Emoticons"
"âœ",10140,170,0.559,0.052,0.734,0.214,0.162,"HEAVY ROUND-TIPPED RIGHTWARDS ARROW","Dingbats"
"ğŸ‘»",128123,168,0.741,0.17,0.433,0.398,0.228,"GHOST","Miscellaneous Symbols and Pictographs"
"ğŸ’°",128176,168,0.827,0.158,0.433,0.409,0.251,"MONEY BAG","Miscellaneous Symbols and Pictographs"
"ğŸ»",127867,165,0.745,0.107,0.274,0.619,0.512,"CLINKING BEER MUGS","Miscellaneous Symbols and Pictographs"
"ğŸ™…",128581,165,0.839,0.458,0.286,0.256,-0.202,"FACE WITH NO GOOD GESTURE","Emoticons"
"ğŸŒ",127774,162,0.709,0.024,0.394,0.582,0.558,"SUN WITH FACE","Miscellaneous Symbols and Pictographs"
"ğŸ",127809,161,0.624,0.037,0.445,0.518,0.482,"MAPLE LEAF","Miscellaneous Symbols and Pictographs"
"â­",11088,159,0.601,0.037,0.346,0.617,0.58,"WHITE MEDIUM STAR","Miscellaneous Symbols and Arrows"
"â–ª",9642,159,0.145,0.099,0.605,0.296,0.198,"BLACK SMALL SQUARE","Geometric Shapes"
"ğŸ€",127872,156,0.652,0.044,0.283,0.673,0.629,"RIBBON","Miscellaneous Symbols and Pictographs"
"â”",9473,156,0.54,0.094,0.635,0.27,0.176,"BOX DRAWINGS HEAVY HORIZONTAL","Box Drawing"
"â˜·",9783,154,0.012,0.019,0.898,0.083,0.064,"TRIGRAM FOR EARTH","Miscellaneous Symbols"
"ğŸ·",128055,152,0.603,0.077,0.477,0.445,0.368,"PIG FACE","Miscellaneous Symbols and Pictographs"
"ğŸ™‰",128585,150,0.758,0.176,0.314,0.51,0.333,"HEAR-NO-EVIL MONKEY","Emoticons"
"ğŸŒº",127802,150,0.629,0.02,0.412,0.569,0.549,"HIBISCUS","Miscellaneous Symbols and Pictographs"
"ğŸ’…",128133,149,0.756,0.184,0.243,0.572,0.388,"NAIL POLISH","Miscellaneous Symbols and Pictographs"
"ğŸ¶",128054,148,0.654,0.086,0.252,0.662,0.576,"DOG FACE","Miscellaneous Symbols and Pictographs"
"ğŸŒš",127770,148,0.76,0.159,0.219,0.623,0.464,"NEW MOON WITH FACE","Miscellaneous Symbols and Pictographs"
"ğŸ‘½",128125,146,0.612,0.094,0.497,0.409,0.315,"EXTRATERRESTRIAL ALIEN","Miscellaneous Symbols and Pictographs"
"ğŸ¤",127908,144,0.671,0.122,0.279,0.599,0.476,"MICROPHONE","Miscellaneous Symbols and Pictographs"
"ğŸ‘­",128109,144,0.667,0.143,0.252,0.605,0.463,"TWO WOMEN HOLDING HANDS","Miscellaneous Symbols and Pictographs"
"ğŸ§",127911,142,0.843,0.131,0.324,0.545,0.414,"HEADPHONE","Miscellaneous Symbols and Pictographs"
"ğŸ‘†",128070,138,0.787,0.121,0.433,0.447,0.326,"WHITE UP POINTING BACKHAND INDEX","Miscellaneous Symbols and Pictographs"
"ğŸ¸",127864,138,0.663,0.092,0.277,0.631,0.539,"COCKTAIL GLASS","Miscellaneous Symbols and Pictographs"
"ğŸ·",127863,137,0.604,0.057,0.493,0.45,0.393,"WINE GLASS","Miscellaneous Symbols and Pictographs"
"Â®",174,137,0.353,0.071,0.579,0.35,0.279,"REGISTERED SIGN","Latin-1 Supplement"
"ğŸ‰",127817,136,0.648,0.079,0.245,0.676,0.597,"WATERMELON","Miscellaneous Symbols and Pictographs"
"ğŸ˜‡",128519,135,0.782,0.072,0.268,0.659,0.587,"SMILING FACE WITH HALO","Emoticons"
"â˜‘",9745,135,0.69,0.022,0.855,0.123,0.101,"BALLOT BOX WITH CHECK","Miscellaneous Symbols"
"ğŸƒ",127939,135,0.735,0.094,0.406,0.5,0.406,"RUNNER","Miscellaneous Symbols and Pictographs"
"ğŸ˜¿",128575,134,0.812,0.577,0.219,0.204,-0.372,"CRYING CAT FACE","Emoticons"
"â”‚",9474,134,0.483,0.007,0.642,0.35,0.343,"BOX DRAWINGS LIGHT VERTICAL","Box Drawing"
"ğŸ’£",128163,131,0.847,0.306,0.381,0.313,0.007,"BOMB","Miscellaneous Symbols and Pictographs"
"ğŸº",127866,131,0.682,0.067,0.373,0.56,0.493,"BEER MUG","Miscellaneous Symbols and Pictographs"
"â–¶",9654,131,0.498,0.06,0.672,0.269,0.209,"BLACK RIGHT-POINTING TRIANGLE","Geometric Shapes"
"ğŸ˜²",128562,129,0.854,0.386,0.295,0.318,-0.068,"ASTONISHED FACE","Emoticons"
"ğŸ¸",127928,125,0.605,0.016,0.453,0.531,0.516,"GUITAR","Miscellaneous Symbols and Pictographs"
"ğŸ¹",127865,123,0.764,0.048,0.246,0.706,0.659,"TROPICAL DRINK","Miscellaneous Symbols and Pictographs"
"ğŸ’«",128171,121,0.614,0.04,0.419,0.54,0.5,"DIZZY SYMBOL","Miscellaneous Symbols and Pictographs"
"ğŸ“š",128218,119,0.692,0.189,0.287,0.525,0.336,"BOOKS","Miscellaneous Symbols and Pictographs"
"ğŸ˜¶",128566,117,0.869,0.425,0.292,0.283,-0.142,"FACE WITHOUT MOUTH","Emoticons"
"ğŸŒ·",127799,116,0.623,0.008,0.445,0.546,0.538,"TULIP","Miscellaneous Symbols and Pictographs"
"ğŸ’",128157,115,0.774,0.076,0.203,0.72,0.644,"HEART WITH RIBBON","Miscellaneous Symbols and Pictographs"
"ğŸ’¨",128168,115,0.711,0.11,0.398,0.492,0.381,"DASH SYMBOL","Miscellaneous Symbols and Pictographs"
"ğŸˆ",127944,114,0.823,0.068,0.333,0.598,0.53,"AMERICAN FOOTBALL","Miscellaneous Symbols and Pictographs"
"ğŸ’",128141,112,0.808,0.148,0.226,0.626,0.478,"RING","Miscellaneous Symbols and Pictographs"
"â˜”",9748,111,0.687,0.193,0.325,0.482,0.289,"UMBRELLA WITH RAIN DROPS","Miscellaneous Symbols"
"ğŸ‘¸",128120,111,0.654,0.061,0.272,0.667,0.605,"PRINCESS","Miscellaneous Symbols and Pictographs"
"ğŸ‡ª",127466,109,0.699,0.027,0.33,0.643,0.616,"REGIONAL INDICATOR SYMBOL LETTER E","Enclosed Alphanumeric Supplement"
"â–‘",9617,108,0.439,0.234,0.577,0.189,-0.045,"LIGHT SHADE","Block Elements"
"ğŸ©",127849,107,0.709,0.145,0.327,0.527,0.382,"DOUGHNUT","Miscellaneous Symbols and Pictographs"
"ğŸ‘¾",128126,105,0.552,0.019,0.602,0.38,0.361,"ALIEN MONSTER","Miscellaneous Symbols and Pictographs"
"â˜",9729,104,0.596,0.14,0.411,0.449,0.308,"CLOUD","Miscellaneous Symbols"
"ğŸŒ»",127803,104,0.607,0.019,0.393,0.589,0.57,"SUNFLOWER","Miscellaneous Symbols and Pictographs"
"ğŸ˜µ",128565,103,0.809,0.321,0.274,0.406,0.085,"DIZZY FACE","Emoticons"
"ğŸ“’",128210,102,0.474,0.01,0.943,0.048,0.038,"LEDGER","Miscellaneous Symbols and Pictographs"
"â†¿",8639,102,0.711,0.01,0.333,0.657,0.648,"UPWARDS HARPOON WITH BARB LEFTWARDS","Arrows"
"ğŸ¯",128047,100,0.55,0.049,0.427,0.524,0.476,"TIGER FACE","Miscellaneous Symbols and Pictographs"
"ğŸ‘¼",128124,99,0.683,0.176,0.314,0.51,0.333,"BABY ANGEL","Miscellaneous Symbols and Pictographs"
"ğŸ”",127828,98,0.637,0.168,0.386,0.446,0.277,"HAMBURGER","Miscellaneous Symbols and Pictographs"
"ğŸ˜¸",128568,97,0.782,0.12,0.35,0.53,0.41,"GRINNING CAT FACE WITH SMILING EYES","Emoticons"
"ğŸ‘¶",128118,96,0.745,0.141,0.283,0.576,0.434,"BABY","Miscellaneous Symbols and Pictographs"
"â†¾",8638,96,0.707,0.01,0.333,0.657,0.646,"UPWARDS HARPOON WITH BARB RIGHTWARDS","Arrows"
"ğŸ’",128144,95,0.728,0.041,0.184,0.776,0.735,"BOUQUET","Miscellaneous Symbols and Pictographs"
"ğŸŒŠ",127754,95,0.78,0.092,0.316,0.592,0.5,"WATER WAVE","Miscellaneous Symbols and Pictographs"
"ğŸ¦",127846,95,0.63,0.143,0.255,0.602,0.459,"SOFT ICE CREAM","Miscellaneous Symbols and Pictographs"
"ğŸ“",127827,94,0.689,0.041,0.247,0.711,0.67,"STRAWBERRY","Miscellaneous Symbols and Pictographs"
"ğŸ‘‡",128071,94,0.557,0.144,0.464,0.392,0.247,"WHITE DOWN POINTING BACKHAND INDEX","Miscellaneous Symbols and Pictographs"
"ğŸ’†",128134,92,0.814,0.263,0.253,0.484,0.221,"FACE MASSAGE","Miscellaneous Symbols and Pictographs"
"ğŸ´",127860,92,0.58,0.053,0.358,0.589,0.537,"FORK AND KNIFE","Miscellaneous Symbols and Pictographs"
"ğŸ˜§",128551,92,0.775,0.389,0.284,0.326,-0.063,"ANGUISHED FACE","Emoticons"
"ğŸ‡¸",127480,91,0.655,0.096,0.298,0.606,0.511,"REGIONAL INDICATOR SYMBOL LETTER S","Enclosed Alphanumeric Supplement"
"ğŸ˜®",128558,90,0.774,0.183,0.366,0.452,0.269,"FACE WITH OPEN MOUTH","Emoticons"
"â–“",9619,90,0.658,0.032,0.925,0.043,0.011,"DARK SHADE","Block Elements"
"ğŸš«",128683,88,0.703,0.538,0.363,0.099,-0.44,"NO ENTRY SIGN","Transport and Map Symbols"
"ğŸ˜½",128573,88,0.754,0.132,0.165,0.703,0.571,"KISSING CAT FACE WITH CLOSED EYES","Emoticons"
"ğŸŒˆ",127752,88,0.672,0.066,0.352,0.582,0.516,"RAINBOW","Miscellaneous Symbols and Pictographs"
"ğŸ™€",128576,88,0.791,0.165,0.341,0.495,0.33,"WEARY CAT FACE","Emoticons"
"âš ",9888,88,0.489,0.187,0.692,0.121,-0.066,"WARNING SIGN","Miscellaneous Symbols"
"ğŸ®",127918,86,0.467,0.101,0.371,0.528,0.427,"VIDEO GAME","Miscellaneous Symbols and Pictographs"
"â•¯",9583,84,0.507,0.23,0.552,0.218,-0.011,"BOX DRAWINGS LIGHT ARC UP AND LEFT","Box Drawing"
"ğŸ†",127814,84,0.719,0.08,0.437,0.483,0.402,"AUBERGINE","Miscellaneous Symbols and Pictographs"
"ğŸ°",127856,84,0.783,0.161,0.23,0.609,0.448,"SHORTCAKE","Miscellaneous Symbols and Pictographs"
"âœ“",10003,84,0.628,0.115,0.483,0.402,0.287,"CHECK MARK","Dingbats"
"ğŸ‘",128080,83,0.876,0.395,0.233,0.372,-0.023,"OPEN HANDS SIGN","Miscellaneous Symbols and Pictographs"
"ğŸ™‡",128583,83,0.794,0.291,0.279,0.43,0.14,"PERSON BOWING DEEPLY","Emoticons"
"ğŸŸ",127839,83,0.65,0.174,0.349,0.477,0.302,"FRENCH FRIES","Miscellaneous Symbols and Pictographs"
"ğŸŒ",127820,82,0.541,0.129,0.306,0.565,0.435,"BANANA","Miscellaneous Symbols and Pictographs"
"ğŸ’‘",128145,82,0.683,0.071,0.2,0.729,0.659,"COUPLE WITH HEART","Miscellaneous Symbols and Pictographs"
"ğŸ‘¬",128108,82,0.622,0.353,0.353,0.294,-0.059,"TWO MEN HOLDING HANDS","Miscellaneous Symbols and Pictographs"
"ğŸ£",128035,81,0.776,0.155,0.214,0.631,0.476,"HATCHING CHICK","Miscellaneous Symbols and Pictographs"
"ğŸƒ",127875,81,0.724,0.083,0.238,0.679,0.595,"JACK-O-LANTERN","Miscellaneous Symbols and Pictographs"
"â–¬",9644,81,0.335,0.012,0.512,0.476,0.464,"BLACK RECTANGLE","Geometric Shapes"
"ï¿¼",65532,81,0.309,0.536,0.405,0.06,-0.476,"OBJECT REPLACEMENT CHARACTER","Specials"
"ğŸ˜Ÿ",128543,80,0.824,0.349,0.229,0.422,0.072,"WORRIED FACE","Emoticons"
"ğŸ¾",128062,78,0.739,0.111,0.173,0.716,0.605,"PAW PRINTS","Miscellaneous Symbols and Pictographs"
"ğŸ“",127891,77,0.647,0.1,0.238,0.663,0.563,"GRADUATION CAP","Miscellaneous Symbols and Pictographs"
"ğŸŠ",127946,77,0.653,0.038,0.35,0.613,0.575,"SWIMMER","Miscellaneous Symbols and Pictographs"
"ğŸ«",127851,76,0.793,0.291,0.266,0.443,0.152,"CHOCOLATE BAR","Miscellaneous Symbols and Pictographs"
"ğŸ“·",128247,76,0.49,0.101,0.367,0.532,0.43,"CAMERA","Miscellaneous Symbols and Pictographs"
"ğŸ‘„",128068,75,0.592,0.077,0.372,0.551,0.474,"MOUTH","Miscellaneous Symbols and Pictographs"
"ğŸŒ¼",127804,74,0.604,0.026,0.169,0.805,0.779,"BLOSSOM","Miscellaneous Symbols and Pictographs"
"ğŸš¶",128694,74,0.797,0.377,0.39,0.234,-0.143,"PEDESTRIAN","Transport and Map Symbols"
"ğŸ±",128049,73,0.544,0.145,0.197,0.658,0.513,"CAT FACE","Miscellaneous Symbols and Pictographs"
"â•‘",9553,73,0.568,0.013,0.829,0.158,0.145,"BOX DRAWINGS DOUBLE VERTICAL","Box Drawing"
"ğŸ¸",128056,72,0.846,0.333,0.413,0.253,-0.08,"FROG FACE","Miscellaneous Symbols and Pictographs"
"ğŸ‡º",127482,71,0.683,0.122,0.216,0.662,0.541,"REGIONAL INDICATOR SYMBOL LETTER U","Enclosed Alphanumeric Supplement"
"ğŸ‘¿",128127,70,0.911,0.658,0.219,0.123,-0.534,"IMP","Miscellaneous Symbols and Pictographs"
"ğŸš¬",128684,70,0.805,0.123,0.233,0.644,0.521,"SMOKING SYMBOL","Transport and Map Symbols"
"âœ¿",10047,70,0.499,0.041,0.534,0.425,0.384,"BLACK FLORETTE","Dingbats"
"ğŸ“–",128214,68,0.71,0.268,0.296,0.437,0.169,"OPEN BOOK","Miscellaneous Symbols and Pictographs"
"ğŸ’",128018,68,0.64,0.028,0.423,0.549,0.521,"MONKEY","Miscellaneous Symbols and Pictographs"
"ğŸŒ",127757,68,0.624,0.085,0.239,0.676,0.592,"EARTH GLOBE EUROPE-AFRICA","Miscellaneous Symbols and Pictographs"
"â”Š",9482,68,0.682,0.014,0.014,0.972,0.958,"BOX DRAWINGS LIGHT QUADRUPLE DASH VERTICAL","Box Drawing"
"ğŸ¥",128037,67,0.78,0.071,0.271,0.657,0.586,"FRONT-FACING BABY CHICK","Miscellaneous Symbols and Pictographs"
"ğŸŒ€",127744,66,0.553,0.159,0.58,0.261,0.101,"CYCLONE","Miscellaneous Symbols and Pictographs"
"ğŸ¼",128060,66,0.614,0.072,0.594,0.333,0.261,"PANDA FACE","Miscellaneous Symbols and Pictographs"
"ğŸ¥",127909,66,0.676,0.13,0.449,0.42,0.29,"MOVIE CAMERA","Miscellaneous Symbols and Pictographs"
"ğŸ’„",128132,66,0.637,0.101,0.362,0.536,0.435,"LIPSTICK","Miscellaneous Symbols and Pictographs"
"ğŸ’¸",128184,66,0.79,0.246,0.348,0.406,0.159,"MONEY WITH WINGS","Miscellaneous Symbols and Pictographs"
"â›”",9940,65,0.406,0.088,0.338,0.574,0.485,"NO ENTRY","Miscellaneous Symbols"
"â—",9679,65,0.561,0.132,0.559,0.309,0.176,"BLACK CIRCLE","Geometric Shapes"
"ğŸ€",127936,64,0.807,0.209,0.328,0.463,0.254,"BASKETBALL AND HOOP","Miscellaneous Symbols and Pictographs"
"ğŸ’‰",128137,64,0.75,0.179,0.284,0.537,0.358,"SYRINGE","Miscellaneous Symbols and Pictographs"
"ğŸ’Ÿ",128159,63,0.788,0.061,0.197,0.742,0.682,"HEART DECORATION","Miscellaneous Symbols and Pictographs"
"ğŸš—",128663,62,0.638,0.138,0.492,0.369,0.231,"AUTOMOBILE","Transport and Map Symbols"
"ğŸ˜¯",128559,62,0.859,0.262,0.354,0.385,0.123,"HUSHED FACE","Emoticons"
"ğŸ“",128221,62,0.795,0.138,0.492,0.369,0.231,"MEMO","Miscellaneous Symbols and Pictographs"
"â•",9552,62,0.441,0.015,0.954,0.031,0.015,"BOX DRAWINGS DOUBLE HORIZONTAL","Box Drawing"
"â™¦",9830,61,0.562,0.109,0.328,0.563,0.453,"BLACK DIAMOND SUIT","Miscellaneous Symbols"
"ğŸ’­",128173,60,0.688,0.175,0.444,0.381,0.206,"THOUGHT BALLOON","Miscellaneous Symbols and Pictographs"
"ğŸŒ™",127769,58,0.669,0.066,0.279,0.656,0.59,"CRESCENT MOON","Miscellaneous Symbols and Pictographs"
"ğŸŸ",128031,58,0.677,0.049,0.213,0.738,0.689,"FISH","Miscellaneous Symbols and Pictographs"
"ğŸ‘£",128099,58,0.639,0.115,0.426,0.459,0.344,"FOOTPRINTS","Miscellaneous Symbols and Pictographs"
"â˜",9758,58,0.725,0.016,0.852,0.131,0.115,"WHITE RIGHT POINTING INDEX","Miscellaneous Symbols"
"âœ‚",9986,58,0.81,0.574,0.311,0.115,-0.459,"BLACK SCISSORS","Dingbats"
"ğŸ—¿",128511,58,0.942,0.098,0.361,0.541,0.443,"MOYAI","Miscellaneous Symbols and Pictographs"
"ğŸ",127837,57,0.564,0.283,0.317,0.4,0.117,"SPAGHETTI","Miscellaneous Symbols and Pictographs"
"ğŸ‘ª",128106,57,0.653,0.417,0.183,0.4,-0.017,"FAMILY","Miscellaneous Symbols and Pictographs"
"ğŸ­",127853,57,0.633,0.167,0.367,0.467,0.3,"LOLLIPOP","Miscellaneous Symbols and Pictographs"
"ğŸŒƒ",127747,56,0.748,0.068,0.475,0.458,0.39,"NIGHT WITH STARS","Miscellaneous Symbols and Pictographs"
"âŒ",10060,56,0.613,0.254,0.22,0.525,0.271,"CROSS MARK","Dingbats"
"ğŸ°",128048,55,0.708,0.086,0.241,0.672,0.586,"RABBIT FACE","Miscellaneous Symbols and Pictographs"
"ğŸ’Š",128138,55,0.675,0.155,0.259,0.586,0.431,"PILL","Miscellaneous Symbols and Pictographs"
"ğŸš¨",128680,55,0.521,0.121,0.121,0.759,0.638,"POLICE CARS REVOLVING LIGHT","Transport and Map Symbols"
"ğŸ˜¦",128550,54,0.882,0.544,0.281,0.175,-0.368,"FROWNING FACE WITH OPEN MOUTH","Emoticons"
"ğŸª",127850,54,0.737,0.193,0.298,0.509,0.316,"COOKIE","Miscellaneous Symbols and Pictographs"
"ğŸ£",127843,53,0.67,0.446,0.339,0.214,-0.232,"SUSHI","Miscellaneous Symbols and Pictographs"
"â•­",9581,53,0.49,0.071,0.696,0.232,0.161,"BOX DRAWINGS LIGHT ARC DOWN AND RIGHT","Box Drawing"
"âœ§",10023,53,0.399,0.036,0.607,0.357,0.321,"WHITE FOUR POINTED STAR","Dingbats"
"ğŸ†",127878,52,0.799,0.055,0.182,0.764,0.709,"FIREWORKS","Miscellaneous Symbols and Pictographs"
"â•®",9582,52,0.423,0.109,0.655,0.236,0.127,"BOX DRAWINGS LIGHT ARC DOWN AND LEFT","Box Drawing"
"ğŸ",127886,51,0.417,0.019,0.056,0.926,0.907,"JAPANESE DOLLS","Miscellaneous Symbols and Pictographs"
"ğŸ‡©",127465,51,0.745,0.037,0.315,0.648,0.611,"REGIONAL INDICATOR SYMBOL LETTER D","Enclosed Alphanumeric Supplement"
"âœ…",9989,51,0.673,0.074,0.444,0.481,0.407,"WHITE HEAVY CHECK MARK","Dingbats"
"ğŸ‘¹",128121,49,0.701,0.269,0.404,0.327,0.058,"JAPANESE OGRE","Miscellaneous Symbols and Pictographs"
"ğŸ“±",128241,49,0.72,0.096,0.5,0.404,0.308,"MOBILE PHONE","Miscellaneous Symbols and Pictographs"
"ğŸ™",128589,49,0.845,0.577,0.173,0.25,-0.327,"PERSON FROWNING","Emoticons"
"ğŸ‘",127825,49,0.739,0.25,0.25,0.5,0.25,"PEACH","Miscellaneous Symbols and Pictographs"
"ğŸ¼",127932,49,0.636,0.058,0.558,0.385,0.327,"MUSICAL SCORE","Miscellaneous Symbols and Pictographs"
"ğŸ”Š",128266,49,0.652,0.096,0.404,0.5,0.404,"SPEAKER WITH THREE SOUND WAVES","Miscellaneous Symbols and Pictographs"
"ğŸŒŒ",127756,47,0.751,0.12,0.24,0.64,0.52,"MILKY WAY","Miscellaneous Symbols and Pictographs"
"ğŸ",127822,47,0.751,0.14,0.4,0.46,0.32,"RED APPLE","Miscellaneous Symbols and Pictographs"
"ğŸ»",128059,47,0.692,0.14,0.28,0.58,0.44,"BEAR FACE","Miscellaneous Symbols and Pictographs"
"â”€",9472,47,0.711,0.02,0.82,0.16,0.14,"BOX DRAWINGS LIGHT HORIZONTAL","Box Drawing"
"â•°",9584,47,0.51,0.16,0.74,0.1,-0.06,"BOX DRAWINGS LIGHT ARC UP AND RIGHT","Box Drawing"
"ğŸ’‡",128135,46,0.678,0.163,0.347,0.49,0.327,"HAIRCUT","Miscellaneous Symbols and Pictographs"
"â™¬",9836,46,0.677,0.102,0.551,0.347,0.245,"BEAMED SIXTEENTH NOTES","Miscellaneous Symbols"
"â™š",9818,46,0.389,0.02,0.918,0.061,0.041,"BLACK CHESS KING","Miscellaneous Symbols"
"ğŸ”´",128308,45,0.656,0.042,0.521,0.438,0.396,"LARGE RED CIRCLE","Miscellaneous Symbols and Pictographs"
"ğŸ±",127857,45,0.58,0.542,0.229,0.229,-0.313,"BENTO BOX","Miscellaneous Symbols and Pictographs"
"ğŸŠ",127818,45,0.697,0.146,0.292,0.563,0.417,"TANGERINE","Miscellaneous Symbols and Pictographs"
"ğŸ’",127826,45,0.619,0.146,0.396,0.458,0.313,"CHERRIES","Miscellaneous Symbols and Pictographs"
"ğŸ­",128045,45,0.823,0.021,0.271,0.708,0.688,"MOUSE FACE","Miscellaneous Symbols and Pictographs"
"ğŸ‘Ÿ",128095,45,0.562,0.125,0.333,0.542,0.417,"ATHLETIC SHOE","Miscellaneous Symbols and Pictographs"
"ğŸŒ",127758,44,0.743,0.128,0.426,0.447,0.319,"EARTH GLOBE AMERICAS","Miscellaneous Symbols and Pictographs"
"ğŸ",127821,44,0.583,0.17,0.191,0.638,0.468,"PINEAPPLE","Miscellaneous Symbols and Pictographs"
"ğŸ®",128046,43,0.847,0.065,0.283,0.652,0.587,"COW FACE","Miscellaneous Symbols and Pictographs"
"ğŸ“²",128242,43,0.598,0.174,0.413,0.413,0.239,"MOBILE PHONE WITH RIGHTWARDS ARROW AT LEFT","Miscellaneous Symbols and Pictographs"
"â˜¼",9788,43,0.461,0.065,0.674,0.261,0.196,"WHITE SUN WITH RAYS","Miscellaneous Symbols"
"ğŸŒ…",127749,42,0.604,0.156,0.333,0.511,0.356,"SUNRISE","Miscellaneous Symbols and Pictographs"
"ğŸ‡·",127479,42,0.716,0.044,0.244,0.711,0.667,"REGIONAL INDICATOR SYMBOL LETTER R","Enclosed Alphanumeric Supplement"
"ğŸ‘ ",128096,42,0.637,0.156,0.333,0.511,0.356,"HIGH-HEELED SHOE","Miscellaneous Symbols and Pictographs"
"ğŸŒ½",127805,42,0.649,0.133,0.289,0.578,0.444,"EAR OF MAIZE","Miscellaneous Symbols and Pictographs"
"ğŸ’§",128167,41,0.768,0.477,0.205,0.318,-0.159,"DROPLET","Miscellaneous Symbols and Pictographs"
"â“",10067,41,0.615,0.182,0.568,0.25,0.068,"BLACK QUESTION MARK ORNAMENT","Dingbats"
"ğŸ¬",127852,41,0.784,0.205,0.227,0.568,0.364,"CANDY","Miscellaneous Symbols and Pictographs"
"ğŸ˜º",128570,40,0.826,0.209,0.186,0.605,0.395,"SMILING CAT FACE WITH OPEN MOUTH","Emoticons"
"ğŸ´",128052,40,0.796,0.209,0.512,0.279,0.07,"HORSE FACE","Miscellaneous Symbols and Pictographs"
"ğŸš€",128640,40,0.698,0.07,0.372,0.558,0.488,"ROCKET","Transport and Map Symbols"
"Â¦",166,40,0.402,0.186,0.047,0.767,0.581,"BROKEN BAR","Latin-1 Supplement"
"ğŸ’¢",128162,40,0.561,0.163,0.442,0.395,0.233,"ANGER SYMBOL","Miscellaneous Symbols and Pictographs"
"ğŸ¬",127916,40,0.65,0.07,0.581,0.349,0.279,"CLAPPER BOARD","Miscellaneous Symbols and Pictographs"
"ğŸ§",127847,40,0.675,0.233,0.233,0.535,0.302,"SHAVED ICE","Miscellaneous Symbols and Pictographs"
"ğŸœ",127836,40,0.578,0.233,0.14,0.628,0.395,"STEAMING BOWL","Miscellaneous Symbols and Pictographs"
"ğŸ",128015,40,0.976,0.07,0.302,0.628,0.558,"RAM","Miscellaneous Symbols and Pictographs"
"ğŸ˜",128024,40,0.722,0.233,0.512,0.256,0.023,"ELEPHANT","Miscellaneous Symbols and Pictographs"
"ğŸ‘§",128103,40,0.649,0.256,0.349,0.395,0.14,"GIRL","Miscellaneous Symbols and Pictographs"
"â €",10240,40,0.378,0.163,0.628,0.209,0.047,"BRAILLE PATTERN BLANK","Braille Patterns"
"ğŸ„",127940,39,0.773,0.071,0.333,0.595,0.524,"SURFER","Miscellaneous Symbols and Pictographs"
"â¤",10148,39,0.382,0.024,0.643,0.333,0.31,"BLACK RIGHTWARDS ARROWHEAD","Dingbats"
"â¬†",11014,39,0.606,0.048,0.619,0.333,0.286,"UPWARDS BLACK ARROW","Miscellaneous Symbols and Arrows"
"ğŸ‹",127819,38,0.743,0.171,0.415,0.415,0.244,"LEMON","Miscellaneous Symbols and Pictographs"
"ğŸ†—",127383,38,0.852,0.171,0.122,0.707,0.537,"SQUARED OK","Enclosed Alphanumeric Supplement"
"âšª",9898,37,0.565,0.025,0.5,0.475,0.45,"MEDIUM WHITE CIRCLE","Miscellaneous Symbols"
"ğŸ“º",128250,37,0.614,0.1,0.425,0.475,0.375,"TELEVISION","Miscellaneous Symbols and Pictographs"
"ğŸ…",127813,37,0.838,0.25,0.15,0.6,0.35,"TOMATO","Miscellaneous Symbols and Pictographs"
"â›…",9925,37,0.616,0.125,0.3,0.575,0.45,"SUN BEHIND CLOUD","Miscellaneous Symbols"
"ğŸ¢",128034,37,0.622,0.175,0.45,0.375,0.2,"TURTLE","Miscellaneous Symbols and Pictographs"
"ğŸ‘™",128089,37,0.697,0.1,0.3,0.6,0.5,"BIKINI","Miscellaneous Symbols and Pictographs"
"ğŸ¡",127969,36,0.744,0.154,0.256,0.59,0.436,"HOUSE WITH GARDEN","Miscellaneous Symbols and Pictographs"
"ğŸŒ¾",127806,36,0.558,0.154,0.154,0.692,0.538,"EAR OF RICE","Miscellaneous Symbols and Pictographs"
"â—‰",9673,36,0.047,0.026,0.692,0.282,0.256,"FISHEYE","Geometric Shapes"
"âœ",9999,35,0.625,0.105,0.447,0.447,0.342,"PENCIL","Dingbats"
"ğŸ¬",128044,35,0.747,0.079,0.421,0.5,0.421,"DOLPHIN","Miscellaneous Symbols and Pictographs"
"ğŸ¤",127844,35,0.513,0.184,0.579,0.237,0.053,"FRIED SHRIMP","Miscellaneous Symbols and Pictographs"
"ğŸ‡¹",127481,35,0.584,0.026,0.368,0.605,0.579,"REGIONAL INDICATOR SYMBOL LETTER T","Enclosed Alphanumeric Supplement"
"â™£",9827,35,0.666,0.132,0.395,0.474,0.342,"BLACK CLUB SUIT","Miscellaneous Symbols"
"ğŸ",128029,35,0.735,0.158,0.474,0.368,0.211,"HONEYBEE","Miscellaneous Symbols and Pictographs"
"ğŸŒ",127773,34,0.718,0.162,0.486,0.351,0.189,"FULL MOON WITH FACE","Miscellaneous Symbols and Pictographs"
"ğŸ‡®",127470,34,0.576,0.027,0.351,0.622,0.595,"REGIONAL INDICATOR SYMBOL LETTER I","Enclosed Alphanumeric Supplement"
"ğŸ”‹",128267,34,0.583,0.622,0.243,0.135,-0.486,"BATTERY","Miscellaneous Symbols and Pictographs"
"ğŸ",128013,34,0.623,0.108,0.432,0.459,0.351,"SNAKE","Miscellaneous Symbols and Pictographs"
"â™”",9812,34,0.589,0.027,0.405,0.568,0.541,"WHITE CHESS KING","Miscellaneous Symbols"
"ğŸ³",127859,33,0.798,0.389,0.194,0.417,0.028,"COOKING","Miscellaneous Symbols and Pictographs"
"ğŸ”µ",128309,33,0.681,0.139,0.417,0.444,0.306,"LARGE BLUE CIRCLE","Miscellaneous Symbols and Pictographs"
"ğŸ˜¾",128574,33,0.915,0.583,0.167,0.25,-0.333,"POUTING CAT FACE","Emoticons"
"ğŸŒ•",127765,33,0.642,0.111,0.222,0.667,0.556,"FULL MOON SYMBOL","Miscellaneous Symbols and Pictographs"
"ğŸ¨",128040,33,0.696,0.139,0.278,0.583,0.444,"KOALA","Miscellaneous Symbols and Pictographs"
"ğŸ”",128272,33,0.845,0.194,0.278,0.528,0.333,"CLOSED LOCK WITH KEY","Miscellaneous Symbols and Pictographs"
"ğŸ’¿",128191,33,0.444,0.028,0.333,0.639,0.611,"OPTICAL DISC","Miscellaneous Symbols and Pictographs"
"â",10049,33,0.493,0.028,0.889,0.083,0.056,"EIGHT PETALLED OUTLINED BLACK FLORETTE","Dingbats"
"ğŸŒ³",127795,32,0.536,0.086,0.343,0.571,0.486,"DECIDUOUS TREE","Miscellaneous Symbols and Pictographs"
"ğŸ‘°",128112,32,0.787,0.114,0.286,0.6,0.486,"BRIDE WITH VEIL","Miscellaneous Symbols and Pictographs"
"â€",10048,32,0.444,0.029,0.543,0.429,0.4,"WHITE FLORETTE","Dingbats"
"âš“",9875,32,0.593,0.086,0.257,0.657,0.571,"ANCHOR","Miscellaneous Symbols"
"ğŸš´",128692,32,0.573,0.029,0.286,0.686,0.657,"BICYCLIST","Transport and Map Symbols"
"â–€",9600,32,0.25,0.314,0.514,0.171,-0.143,"UPPER HALF BLOCK","Block Elements"
"ğŸ‘—",128087,31,0.703,0.176,0.412,0.412,0.235,"DRESS","Miscellaneous Symbols and Pictographs"
"â•",10133,31,0.034,0.147,0.176,0.676,0.529,"HEAVY PLUS SIGN","Dingbats"
"ğŸ’¬",128172,30,0.635,0.152,0.333,0.515,0.364,"SPEECH BALLOON","Miscellaneous Symbols and Pictographs"
"â–’",9618,30,0.501,0.091,0.848,0.061,-0.03,"MEDIUM SHADE","Block Elements"
"ğŸ”œ",128284,30,0.606,0.182,0.364,0.455,0.273,"SOON WITH RIGHTWARDS ARROW ABOVE","Miscellaneous Symbols and Pictographs"
"ğŸ¨",127848,30,0.657,0.273,0.242,0.485,0.212,"ICE CREAM","Miscellaneous Symbols and Pictographs"
"ğŸ’²",128178,30,0.794,0.03,0.697,0.273,0.242,"HEAVY DOLLAR SIGN","Miscellaneous Symbols and Pictographs"
"â›½",9981,30,0.287,0.061,0.727,0.212,0.152,"FUEL PUMP","Miscellaneous Symbols"
"ğŸ™",127833,29,0.566,0.188,0.344,0.469,0.281,"RICE BALL","Miscellaneous Symbols and Pictographs"
"ğŸ—",127831,29,0.675,0.313,0.313,0.375,0.063,"POULTRY LEG","Miscellaneous Symbols and Pictographs"
"ğŸ²",127858,29,0.673,0.25,0.375,0.375,0.125,"POT OF FOOD","Miscellaneous Symbols and Pictographs"
"ğŸ¥",127845,29,0.58,0.719,0.156,0.125,-0.594,"FISH CAKE WITH SWIRL DESIGN","Miscellaneous Symbols and Pictographs"
"â–¸",9656,29,0.517,0.031,0.719,0.25,0.219,"BLACK RIGHT-POINTING SMALL TRIANGLE","Geometric Shapes"
"â™›",9819,29,0.49,0.156,0.5,0.344,0.188,"BLACK CHESS QUEEN","Miscellaneous Symbols"
"ğŸ˜¼",128572,28,0.856,0.194,0.258,0.548,0.355,"CAT FACE WITH WRY SMILE","Emoticons"
"ğŸ™",128025,28,0.678,0.097,0.419,0.484,0.387,"OCTOPUS","Miscellaneous Symbols and Pictographs"
"ğŸ‘¨",128104,28,0.694,0.097,0.29,0.613,0.516,"MAN","Miscellaneous Symbols and Pictographs"
"ğŸš",127834,28,0.637,0.226,0.097,0.677,0.452,"COOKED RICE","Miscellaneous Symbols and Pictographs"
"ğŸ–",127830,28,0.679,0.258,0.355,0.387,0.129,"MEAT ON BONE","Miscellaneous Symbols and Pictographs"
"â™¨",9832,28,0.665,0.032,0.065,0.903,0.871,"HOT SPRINGS","Miscellaneous Symbols"
"ğŸ¹",127929,28,0.466,0.032,0.581,0.387,0.355,"MUSICAL KEYBOARD","Miscellaneous Symbols and Pictographs"
"â™•",9813,28,0.621,0.032,0.548,0.419,0.387,"WHITE CHESS QUEEN","Miscellaneous Symbols"
"â–ƒ",9603,28,0.373,0.032,0.032,0.935,0.903,"LOWER THREE EIGHTHS BLOCK","Block Elements"
"ğŸš˜",128664,27,0.65,0.3,0.333,0.367,0.067,"ONCOMING AUTOMOBILE","Transport and Map Symbols"
"ğŸ",127823,27,0.852,0.267,0.4,0.333,0.067,"GREEN APPLE","Miscellaneous Symbols and Pictographs"
"ğŸ‘©",128105,27,0.732,0.333,0.267,0.4,0.067,"WOMAN","Miscellaneous Symbols and Pictographs"
"ğŸ‘¦",128102,27,0.606,0.2,0.467,0.333,0.133,"BOY","Miscellaneous Symbols and Pictographs"
"ğŸ‡¬",127468,27,0.582,0.1,0.533,0.367,0.267,"REGIONAL INDICATOR SYMBOL LETTER G","Enclosed Alphanumeric Supplement"
"ğŸ‡§",127463,27,0.595,0.1,0.533,0.367,0.267,"REGIONAL INDICATOR SYMBOL LETTER B","Enclosed Alphanumeric Supplement"
"â˜ ",9760,27,0.749,0.267,0.5,0.233,-0.033,"SKULL AND CROSSBONES","Miscellaneous Symbols"
"ğŸ ",128032,26,0.768,0.172,0.241,0.586,0.414,"TROPICAL FISH","Miscellaneous Symbols and Pictographs"
"ğŸš¹",128697,26,0.812,0.069,0.172,0.759,0.69,"MENS SYMBOL","Transport and Map Symbols"
"ğŸ’µ",128181,26,0.807,0.138,0.345,0.517,0.379,"BANKNOTE WITH DOLLAR SIGN","Miscellaneous Symbols and Pictographs"
"âœ°",10032,26,0.195,0.034,0.138,0.828,0.793,"SHADOWED WHITE STAR","Dingbats"
"â• ",9568,26,0.543,0.034,0.724,0.241,0.207,"BOX DRAWINGS DOUBLE VERTICAL AND RIGHT","Box Drawing"
"ğŸ‘›",128091,25,0.696,0.179,0.286,0.536,0.357,"PURSE","Miscellaneous Symbols and Pictographs"
"ğŸš™",128665,25,0.653,0.214,0.536,0.25,0.036,"RECREATIONAL VEHICLE","Transport and Map Symbols"
"ğŸŒ±",127793,25,0.561,0.036,0.357,0.607,0.571,"SEEDLING","Miscellaneous Symbols and Pictographs"
"ğŸ’»",128187,25,0.489,0.071,0.607,0.321,0.25,"PERSONAL COMPUTER","Miscellaneous Symbols and Pictographs"
"ğŸŒ",127759,25,0.681,0.143,0.393,0.464,0.321,"EARTH GLOBE ASIA-AUSTRALIA","Miscellaneous Symbols and Pictographs"
"â–„",9604,25,0.464,0.321,0.429,0.25,-0.071,"LOWER HALF BLOCK","Block Elements"
"ğŸ‘“",128083,24,0.514,0.037,0.63,0.333,0.296,"EYEGLASSES","Miscellaneous Symbols and Pictographs"
"â—„",9668,24,0.672,0.037,0.704,0.259,0.222,"BLACK LEFT-POINTING POINTER","Geometric Shapes"
"âš¾",9918,24,0.214,0.37,0.296,0.333,-0.037,"BASEBALL","Miscellaneous Symbols"
"ğŸŒ²",127794,23,0.496,0.115,0.385,0.5,0.385,"EVERGREEN TREE","Miscellaneous Symbols and Pictographs"
"ğŸ‘´",128116,23,0.784,0.231,0.308,0.462,0.231,"OLDER MAN","Miscellaneous Symbols and Pictographs"
"ğŸ ",127968,23,0.642,0.077,0.346,0.577,0.5,"HOUSE BUILDING","Miscellaneous Symbols and Pictographs"
"ğŸ‡",127815,23,0.584,0.231,0.269,0.5,0.269,"GRAPES","Miscellaneous Symbols and Pictographs"
"ğŸ˜",127832,23,0.621,0.231,0.154,0.615,0.385,"RICE CRACKER","Miscellaneous Symbols and Pictographs"
"ğŸ›",127835,23,0.585,0.346,0.269,0.385,0.038,"CURRY AND RICE","Miscellaneous Symbols and Pictographs"
"ğŸ‡",128007,23,0.967,0.192,0.385,0.423,0.231,"RABBIT","Miscellaneous Symbols and Pictographs"
"ğŸ”",128286,23,0.814,0.269,0.5,0.231,-0.038,"NO ONE UNDER EIGHTEEN SYMBOL","Miscellaneous Symbols and Pictographs"
"ğŸ‘µ",128117,23,0.818,0.231,0.115,0.654,0.423,"OLDER WOMAN","Miscellaneous Symbols and Pictographs"
"â—€",9664,23,0.221,0.038,0.654,0.308,0.269,"BLACK LEFT-POINTING TRIANGLE","Geometric Shapes"
"ğŸ”™",128281,23,0.144,0.115,0.577,0.308,0.192,"BACK WITH LEFTWARDS ARROW ABOVE","Miscellaneous Symbols and Pictographs"
"ğŸŒµ",127797,23,0.67,0.269,0.269,0.462,0.192,"CACTUS","Miscellaneous Symbols and Pictographs"
"ğŸ½",128061,22,0.648,0.24,0.4,0.36,0.12,"PIG NOSE","Miscellaneous Symbols and Pictographs"
"ğŸ®",127854,22,0.701,0.44,0.24,0.32,-0.12,"CUSTARD","Miscellaneous Symbols and Pictographs"
"ğŸ‡",127879,22,0.821,0.08,0.16,0.76,0.68,"FIREWORK SPARKLER","Miscellaneous Symbols and Pictographs"
"ğŸ",128014,22,0.698,0.12,0.36,0.52,0.4,"HORSE","Miscellaneous Symbols and Pictographs"
"â”",10132,22,0.541,0.16,0.8,0.04,-0.12,"HEAVY WIDE-HEADED RIGHTWARDS ARROW","Dingbats"
"ğŸ’¶",128182,22,0.748,0.16,0.68,0.16,0,"BANKNOTE WITH EURO SIGN","Miscellaneous Symbols and Pictographs"
"ğŸ¤",128036,22,0.838,0.08,0.32,0.6,0.52,"BABY CHICK","Miscellaneous Symbols and Pictographs"
"â•©",9577,22,0.811,0.04,0.72,0.24,0.2,"BOX DRAWINGS DOUBLE UP AND HORIZONTAL","Box Drawing"
"ğŸ›€",128704,21,0.904,0.292,0.292,0.417,0.125,"BATH","Transport and Map Symbols"
"ğŸŒ‘",127761,21,0.604,0.125,0.292,0.583,0.458,"NEW MOON SYMBOL","Miscellaneous Symbols and Pictographs"
"ğŸš²",128690,21,0.583,0.083,0.458,0.458,0.375,"BICYCLE","Transport and Map Symbols"
"ğŸ‘",128017,21,0.922,0.292,0.583,0.125,-0.167,"SHEEP","Miscellaneous Symbols and Pictographs"
"ğŸ",127937,21,0.618,0.042,0.417,0.542,0.5,"CHEQUERED FLAG","Miscellaneous Symbols and Pictographs"
"ğŸ",127838,21,0.711,0.292,0.375,0.333,0.042,"BREAD","Miscellaneous Symbols and Pictographs"
"ğŸ¾",127934,21,0.82,0.125,0.208,0.667,0.542,"TENNIS RACQUET AND BALL","Miscellaneous Symbols and Pictographs"
"â•š",9562,21,0.714,0.042,0.625,0.333,0.292,"BOX DRAWINGS DOUBLE UP AND RIGHT","Box Drawing"
"ğŸˆ¹",127545,21,0.35,0.083,0.542,0.375,0.292,"SQUARED CJK UNIFIED IDEOGRAPH-5272","Enclosed Ideographic Supplement"
"ğŸ³",128051,20,0.656,0.217,0.435,0.348,0.13,"SPOUTING WHALE","Miscellaneous Symbols and Pictographs"
"ğŸ‘®",128110,20,0.742,0.478,0.391,0.13,-0.348,"POLICE OFFICER","Miscellaneous Symbols and Pictographs"
"â˜¹",9785,20,0.777,0.652,0.217,0.13,-0.522,"WHITE FROWNING FACE","Miscellaneous Symbols"
"ğŸµ",128053,20,0.631,0.087,0.348,0.565,0.478,"MONKEY FACE","Miscellaneous Symbols and Pictographs"
"âœª",10026,20,0.288,0.043,0.609,0.348,0.304,"CIRCLED WHITE STAR","Dingbats"
"â—•",9685,20,0.594,0.043,0.478,0.478,0.435,"CIRCLE WITH ALL BUT UPPER LEFT QUADRANT BLACK","Geometric Shapes"
"ğŸ—¼",128508,20,0.654,0.087,0.304,0.609,0.522,"TOKYO TOWER","Miscellaneous Symbols and Pictographs"
"â–",9616,20,0.304,0.217,0.696,0.087,-0.13,"RIGHT HALF BLOCK","Block Elements"
"â™ ",9824,20,0.533,0.043,0.609,0.348,0.304,"BLACK SPADE SUIT","Miscellaneous Symbols"
"â”³",9523,20,0.399,0.478,0.391,0.13,-0.348,"BOX DRAWINGS HEAVY DOWN AND HORIZONTAL","Box Drawing"
"ğŸ‘º",128122,19,0.825,0.409,0.364,0.227,-0.182,"JAPANESE GOBLIN","Miscellaneous Symbols and Pictographs"
"ğŸš",128026,19,0.526,0.091,0.591,0.318,0.227,"SPIRAL SHELL","Miscellaneous Symbols and Pictographs"
"ğŸ‘‚",128066,19,0.682,0.364,0.409,0.227,-0.136,"EAR","Miscellaneous Symbols and Pictographs"
"ğŸ—½",128509,19,0.651,0.091,0.5,0.409,0.318,"STATUE OF LIBERTY","Miscellaneous Symbols and Pictographs"
"ğŸµ",127861,19,0.65,0.182,0.273,0.545,0.364,"TEACUP WITHOUT HANDLE","Miscellaneous Symbols and Pictographs"
"ğŸ†’",127378,19,0.628,0.045,0.545,0.409,0.364,"SQUARED COOL","Enclosed Alphanumeric Supplement"
"ğŸ¯",127855,19,0.78,0.364,0.227,0.409,0.045,"HONEY POT","Miscellaneous Symbols and Pictographs"
"ğŸº",128058,19,0.735,0.136,0.5,0.364,0.227,"WOLF FACE","Miscellaneous Symbols and Pictographs"
"â‡¨",8680,19,0.541,0.045,0.455,0.5,0.455,"RIGHTWARDS WHITE ARROW","Arrows"
"â¨",10152,19,0.558,0.136,0.591,0.273,0.136,"HEAVY CONCAVE-POINTED BLACK RIGHTWARDS ARROW","Dingbats"
"ğŸŒ“",127763,19,0.458,0.045,0.318,0.636,0.591,"FIRST QUARTER MOON SYMBOL","Miscellaneous Symbols and Pictographs"
"ğŸ”’",128274,19,0.939,0.273,0.273,0.455,0.182,"LOCK","Miscellaneous Symbols and Pictographs"
"â•¬",9580,19,0.322,0.318,0.5,0.182,-0.136,"BOX DRAWINGS DOUBLE VERTICAL AND HORIZONTAL","Box Drawing"
"ğŸ‘³",128115,18,0.816,0.143,0.095,0.762,0.619,"MAN WITH TURBAN","Miscellaneous Symbols and Pictographs"
"ğŸŒ‚",127746,18,0.785,0.143,0.476,0.381,0.238,"CLOSED UMBRELLA","Miscellaneous Symbols and Pictographs"
"ğŸšŒ",128652,18,0.636,0.143,0.524,0.333,0.19,"BUS","Transport and Map Symbols"
"â™©",9833,18,0.792,0.048,0.381,0.571,0.524,"QUARTER NOTE","Miscellaneous Symbols"
"ğŸ¡",127841,18,0.7,0.286,0.476,0.238,-0.048,"DANGO","Miscellaneous Symbols and Pictographs"
"â¥",10085,18,0.44,0.048,0.667,0.286,0.238,"ROTATED HEAVY BLACK HEART BULLET","Dingbats"
"ğŸ¡",127905,18,0.506,0.095,0.524,0.381,0.286,"FERRIS WHEEL","Miscellaneous Symbols and Pictographs"
"ğŸ’Œ",128140,17,0.805,0.15,0.2,0.65,0.5,"LOVE LETTER","Miscellaneous Symbols and Pictographs"
"ğŸ©",128041,17,0.87,0.05,0.55,0.4,0.35,"POODLE","Miscellaneous Symbols and Pictographs"
"ğŸŒœ",127772,17,0.604,0.05,0.4,0.55,0.5,"LAST QUARTER MOON WITH FACE","Miscellaneous Symbols and Pictographs"
"âŒš",8986,17,0.649,0.15,0.5,0.35,0.2,"WATCH","Miscellaneous Technical"
"ğŸš¿",128703,17,0.669,0.1,0.2,0.7,0.6,"SHOWER","Transport and Map Symbols"
"ğŸ–",128022,17,0.814,0.05,0.75,0.2,0.15,"PIG","Miscellaneous Symbols and Pictographs"
"ğŸ”†",128262,17,0.605,0.05,0.35,0.6,0.55,"HIGH BRIGHTNESS SYMBOL","Miscellaneous Symbols and Pictographs"
"ğŸŒ›",127771,17,0.68,0.05,0.35,0.6,0.55,"FIRST QUARTER MOON WITH FACE","Miscellaneous Symbols and Pictographs"
"ğŸ’‚",128130,17,0.691,0.45,0.25,0.3,-0.15,"GUARDSMAN","Miscellaneous Symbols and Pictographs"
"ğŸ”",128020,17,0.627,0.1,0.5,0.4,0.3,"CHICKEN","Miscellaneous Symbols and Pictographs"
"ğŸ™",128590,17,0.641,0.45,0.15,0.4,-0.05,"PERSON WITH POUTING FACE","Emoticons"
"ğŸ©",127977,16,0.587,0.158,0.263,0.579,0.421,"LOVE HOTEL","Miscellaneous Symbols and Pictographs"
"ğŸ‡«",127467,16,0.718,0.053,0.421,0.526,0.474,"REGIONAL INDICATOR SYMBOL LETTER F","Enclosed Alphanumeric Supplement"
"ğŸ”¨",128296,16,0.739,0.368,0.368,0.263,-0.105,"HAMMER","Miscellaneous Symbols and Pictographs"
"ğŸ“¢",128226,16,0.546,0.053,0.474,0.474,0.421,"PUBLIC ADDRESS LOUDSPEAKER","Miscellaneous Symbols and Pictographs"
"ğŸ¦",128038,16,0.758,0.053,0.474,0.474,0.421,"BIRD","Miscellaneous Symbols and Pictographs"
"ğŸ²",128050,16,0.458,0.158,0.737,0.105,-0.053,"DRAGON FACE","Miscellaneous Symbols and Pictographs"
"â™»",9851,16,0.439,0.053,0.421,0.526,0.474,"BLACK UNIVERSAL RECYCLING SYMBOL","Miscellaneous Symbols"
"ğŸŒ˜",127768,16,0.578,0.053,0.316,0.632,0.579,"WANING CRESCENT MOON SYMBOL","Miscellaneous Symbols and Pictographs"
"ğŸ",127824,16,0.845,0.316,0.211,0.474,0.158,"PEAR","Miscellaneous Symbols and Pictographs"
"ğŸŒ”",127764,16,0.447,0.053,0.316,0.632,0.579,"WAXING GIBBOUS MOON SYMBOL","Miscellaneous Symbols and Pictographs"
"â•¥",9573,16,0.869,0.368,0.158,0.474,0.105,"BOX DRAWINGS DOWN DOUBLE AND HORIZONTAL SINGLE","Box Drawing"
"âŠ",10058,16,0.452,0.053,0.895,0.053,0,"EIGHT TEARDROP-SPOKED PROPELLER ASTERISK","Dingbats"
"ğŸ‘–",128086,15,0.91,0.111,0.444,0.444,0.333,"JEANS","Miscellaneous Symbols and Pictographs"
"ğŸšº",128698,15,0.677,0.167,0.5,0.333,0.167,"WOMENS SYMBOL","Transport and Map Symbols"
"ğŸ˜—",128535,15,0.714,0.111,0.167,0.722,0.611,"KISSING FACE","Emoticons"
"ğŸ­",127917,15,0.658,0.333,0.333,0.333,0,"PERFORMING ARTS","Miscellaneous Symbols and Pictographs"
"ğŸ„",128004,15,0.826,0.167,0.389,0.444,0.278,"COW","Miscellaneous Symbols and Pictographs"
"â—Ÿ",9695,15,0.647,0.167,0.722,0.111,-0.056,"LOWER LEFT QUADRANT CIRCULAR ARC","Geometric Shapes"
"ğŸ¢",127842,15,0.684,0.333,0.444,0.222,-0.111,"ODEN","Miscellaneous Symbols and Pictographs"
"ğŸ¨",127912,15,0.491,0.111,0.611,0.278,0.167,"ARTIST PALETTE","Miscellaneous Symbols and Pictographs"
"â¬‡",11015,15,0.632,0.167,0.278,0.556,0.389,"DOWNWARDS BLACK ARROW","Miscellaneous Symbols and Arrows"
"ğŸš¼",128700,15,0.693,0.056,0.333,0.611,0.556,"BABY SYMBOL","Transport and Map Symbols"
"â›²",9970,15,0.697,0.111,0.722,0.167,0.056,"FOUNTAIN","Miscellaneous Symbols"
"â–",9601,15,0.711,0.056,0.889,0.056,0,"LOWER ONE EIGHTH BLOCK","Block Elements"
"ğŸ‡´",127476,15,0.676,0.056,0.556,0.389,0.333,"REGIONAL INDICATOR SYMBOL LETTER O","Enclosed Alphanumeric Supplement"
"ğŸŒ—",127767,15,0.547,0.056,0.278,0.667,0.611,"LAST QUARTER MOON SYMBOL","Miscellaneous Symbols and Pictographs"
"ğŸŒ–",127766,15,0.535,0.056,0.278,0.667,0.611,"WANING GIBBOUS MOON SYMBOL","Miscellaneous Symbols and Pictographs"
"ğŸ”…",128261,15,0.635,0.056,0.056,0.889,0.833,"LOW BRIGHTNESS SYMBOL","Miscellaneous Symbols and Pictographs"
"ğŸ‘œ",128092,14,0.675,0.176,0.412,0.412,0.235,"HANDBAG","Miscellaneous Symbols and Pictographs"
"ğŸŒ",128012,14,0.421,0.059,0.235,0.706,0.647,"SNAIL","Miscellaneous Symbols and Pictographs"
"ğŸ’¼",128188,14,0.573,0.118,0.235,0.647,0.529,"BRIEFCASE","Miscellaneous Symbols and Pictographs"
"ğŸš•",128661,14,0.526,0.235,0.529,0.235,0,"TAXI","Transport and Map Symbols"
"ğŸ¹",128057,14,0.744,0.235,0.235,0.529,0.294,"HAMSTER FACE","Miscellaneous Symbols and Pictographs"
"ğŸŒ ",127776,14,0.761,0.176,0.118,0.706,0.529,"SHOOTING STAR","Miscellaneous Symbols and Pictographs"
"ğŸˆ",128008,14,0.645,0.059,0.588,0.353,0.294,"CAT","Miscellaneous Symbols and Pictographs"
"â‡§",8679,14,0.461,0.059,0.765,0.176,0.118,"UPWARDS WHITE ARROW","Arrows"
"â˜",9742,14,0.837,0.176,0.647,0.176,0,"BLACK TELEPHONE","Miscellaneous Symbols"
"ğŸŒ",127745,14,0.744,0.118,0.588,0.294,0.176,"FOGGY","Miscellaneous Symbols and Pictographs"
"âš«",9899,14,0.441,0.235,0.294,0.471,0.235,"MEDIUM BLACK CIRCLE","Miscellaneous Symbols"
"â™§",9831,14,0.775,0.059,0.412,0.529,0.471,"WHITE CLUB SUIT","Miscellaneous Symbols"
"ğŸ°",127984,14,0.434,0.118,0.471,0.412,0.294,"EUROPEAN CASTLE","Miscellaneous Symbols and Pictographs"
"ğŸšµ",128693,14,0.556,0.059,0.529,0.412,0.353,"MOUNTAIN BICYCLIST","Transport and Map Symbols"
"ğŸ¢",127906,14,0.826,0.118,0.294,0.588,0.471,"ROLLER COASTER","Miscellaneous Symbols and Pictographs"
"ğŸ·",127927,14,0.76,0.059,0.235,0.706,0.647,"SAXOPHONE","Miscellaneous Symbols and Pictographs"
"ğŸ",127888,14,0.291,0.059,0.706,0.235,0.176,"WIND CHIME","Miscellaneous Symbols and Pictographs"
"â”ˆ",9480,14,0.793,0.765,0.059,0.176,-0.588,"BOX DRAWINGS LIGHT QUADRUPLE DASH HORIZONTAL","Box Drawing"
"â•—",9559,14,0.361,0.059,0.529,0.412,0.353,"BOX DRAWINGS DOUBLE DOWN AND LEFT","Box Drawing"
"â•±",9585,14,0.548,0.059,0.882,0.059,0,"BOX DRAWINGS LIGHT DIAGONAL UPPER RIGHT TO LOWER LEFT","Box Drawing"
"ğŸŒ‡",127751,13,0.543,0.063,0.375,0.563,0.5,"SUNSET OVER BUILDINGS","Miscellaneous Symbols and Pictographs"
"â°",9200,13,0.646,0.188,0.188,0.625,0.438,"ALARM CLOCK","Miscellaneous Technical"
"â‡©",8681,13,0.504,0.063,0.875,0.063,0,"DOWNWARDS WHITE ARROW","Arrows"
"ğŸš‚",128642,13,0.656,0.063,0.625,0.313,0.25,"STEAM LOCOMOTIVE","Transport and Map Symbols"
"â— ",9696,13,0.653,0.063,0.438,0.5,0.438,"UPPER HALF CIRCLE","Geometric Shapes"
"ğŸ¿",127935,13,0.727,0.125,0.375,0.5,0.375,"SKI AND SKI BOOT","Miscellaneous Symbols and Pictographs"
"âœ¦",10022,13,0.402,0.063,0.813,0.125,0.063,"BLACK FOUR POINTED STAR","Dingbats"
"ğŸ†”",127380,13,0.479,0.063,0.125,0.813,0.75,"SQUARED ID","Enclosed Alphanumeric Supplement"
"â›ª",9962,13,0.387,0.188,0.5,0.313,0.125,"CHURCH","Miscellaneous Symbols"
"ğŸŒ’",127762,13,0.446,0.063,0.313,0.625,0.563,"WAXING CRESCENT MOON SYMBOL","Miscellaneous Symbols and Pictographs"
"ğŸª",128042,13,0.837,0.063,0.313,0.625,0.563,"DROMEDARY CAMEL","Miscellaneous Symbols and Pictographs"
"â•”",9556,13,0.31,0.063,0.625,0.313,0.25,"BOX DRAWINGS DOUBLE DOWN AND RIGHT","Box Drawing"
"â•",9565,13,0.8,0.063,0.438,0.5,0.438,"BOX DRAWINGS DOUBLE UP AND LEFT","Box Drawing"
"ğŸ‘”",128084,12,0.52,0.2,0.267,0.533,0.333,"NECKTIE","Miscellaneous Symbols and Pictographs"
"ğŸ”±",128305,12,0.791,0.267,0.4,0.333,0.067,"TRIDENT EMBLEM","Miscellaneous Symbols and Pictographs"
"ğŸ†“",127379,12,0.551,0.067,0.667,0.267,0.2,"SQUARED FREE","Enclosed Alphanumeric Supplement"
"ğŸ‹",128011,12,0.866,0.2,0.4,0.4,0.2,"WHALE","Miscellaneous Symbols and Pictographs"
"â–½",9661,12,0.844,0.133,0.333,0.533,0.4,"WHITE DOWN-POINTING TRIANGLE","Geometric Shapes"
"â–‚",9602,12,0.579,0.067,0.867,0.067,0,"LOWER ONE QUARTER BLOCK","Block Elements"
"ğŸ›",128027,12,0.673,0.2,0.333,0.467,0.267,"BUG","Miscellaneous Symbols and Pictographs"
"ğŸ‘•",128085,12,0.795,0.133,0.333,0.533,0.4,"T-SHIRT","Miscellaneous Symbols and Pictographs"
"ğŸš‹",128651,12,0.318,0.067,0.8,0.133,0.067,"TRAM CAR","Transport and Map Symbols"
"ğŸ’³",128179,12,0.834,0.133,0.333,0.533,0.4,"CREDIT CARD","Miscellaneous Symbols and Pictographs"
"ğŸŒ†",127750,12,0.765,0.2,0.467,0.333,0.133,"CITYSCAPE AT DUSK","Miscellaneous Symbols and Pictographs"
"ğŸ§",127975,12,0.888,0.067,0.067,0.867,0.8,"AUTOMATED TELLER MACHINE","Miscellaneous Symbols and Pictographs"
"ğŸ’¡",128161,12,0.598,0.067,0.267,0.667,0.6,"ELECTRIC LIGHT BULB","Miscellaneous Symbols and Pictographs"
"ğŸ”¹",128313,12,0.17,0.2,0.467,0.333,0.133,"SMALL BLUE DIAMOND","Miscellaneous Symbols and Pictographs"
"â¬…",11013,12,0.663,0.067,0.4,0.533,0.467,"LEFTWARDS BLACK ARROW","Miscellaneous Symbols and Arrows"
"ğŸ ",127840,12,0.939,0.4,0.2,0.4,0,"ROASTED SWEET POTATO","Miscellaneous Symbols and Pictographs"
"ğŸ«",128043,12,0.77,0.067,0.533,0.4,0.333,"BACTRIAN CAMEL","Miscellaneous Symbols and Pictographs"
"ğŸª",127978,12,0.374,0.2,0.533,0.267,0.067,"CONVENIENCE STORE","Miscellaneous Symbols and Pictographs"
"Û©",1769,12,0.464,0.067,0.867,0.067,0,"ARABIC PLACE OF SAJDAH","Arabic"
"ğŸ‡±",127473,12,0.713,0.067,0.467,0.467,0.4,"REGIONAL INDICATOR SYMBOL LETTER L","Enclosed Alphanumeric Supplement"
"ğŸ“¹",128249,11,0.718,0.143,0.286,0.571,0.429,"VIDEO CAMERA","Miscellaneous Symbols and Pictographs"
"ğŸ‘",128094,11,0.779,0.143,0.286,0.571,0.429,"MANS SHOE","Miscellaneous Symbols and Pictographs"
"ğŸš‘",128657,11,0.758,0.286,0.357,0.357,0.071,"AMBULANCE","Transport and Map Symbols"
"ğŸ†˜",127384,11,0.775,0.357,0.214,0.429,0.071,"SQUARED SOS","Enclosed Alphanumeric Supplement"
"ğŸ‘š",128090,11,0.81,0.071,0.286,0.643,0.571,"WOMANS CLOTHES","Miscellaneous Symbols and Pictographs"
"ğŸš",128653,11,0.66,0.357,0.214,0.429,0.071,"ONCOMING BUS","Transport and Map Symbols"
"â–¡",9633,11,0.674,0.571,0.071,0.357,-0.214,"WHITE SQUARE","Geometric Shapes"
"ğŸ‚",128002,11,0.774,0.143,0.571,0.286,0.143,"OX","Miscellaneous Symbols and Pictographs"
"ğŸš£",128675,11,0.713,0.071,0.286,0.643,0.571,"ROWBOAT","Transport and Map Symbols"
"âœ³",10035,11,0.372,0.071,0.857,0.071,0,"EIGHT SPOKED ASTERISK","Dingbats"
"ğŸ‰",127945,11,0.837,0.071,0.357,0.571,0.5,"RUGBY FOOTBALL","Miscellaneous Symbols and Pictographs"
"ğŸ—»",128507,11,0.723,0.071,0.286,0.643,0.571,"MOUNT FUJI","Miscellaneous Symbols and Pictographs"
"ğŸ€",128000,11,0.701,0.143,0.571,0.286,0.143,"RAT","Miscellaneous Symbols and Pictographs"
"â•¦",9574,11,0.22,0.071,0.5,0.429,0.357,"BOX DRAWINGS DOUBLE DOWN AND HORIZONTAL","Box Drawing"
"â›º",9978,10,0.906,0.154,0.231,0.615,0.462,"TENT","Miscellaneous Symbols"
"ğŸ•",128021,10,0.879,0.154,0.462,0.385,0.231,"DOG","Miscellaneous Symbols and Pictographs"
"ğŸ‚",127938,10,0.777,0.154,0.308,0.538,0.385,"SNOWBOARDER","Miscellaneous Symbols and Pictographs"
"ğŸ‘¡",128097,10,0.635,0.154,0.308,0.538,0.385,"WOMANS SANDAL","Miscellaneous Symbols and Pictographs"
"ğŸ“»",128251,10,0.726,0.154,0.385,0.462,0.308,"RADIO","Miscellaneous Symbols and Pictographs"
"âœ’",10002,10,0.544,0.154,0.462,0.385,0.231,"BLACK NIB","Dingbats"
"ğŸŒ°",127792,10,0.786,0.077,0.308,0.615,0.538,"CHESTNUT","Miscellaneous Symbols and Pictographs"
"ğŸ¢",127970,10,0.542,0.077,0.692,0.231,0.154,"OFFICE BUILDING","Miscellaneous Symbols and Pictographs"
"ğŸ’",127890,10,0.614,0.154,0.231,0.615,0.462,"SCHOOL SATCHEL","Miscellaneous Symbols and Pictographs"
"âŒ’",8978,10,0.624,0.077,0.308,0.615,0.538,"ARC","Miscellaneous Technical"
"ğŸ«",127979,10,0.644,0.538,0.154,0.308,-0.231,"SCHOOL","Miscellaneous Symbols and Pictographs"
"ğŸ“´",128244,10,0.982,0.154,0.077,0.769,0.615,"MOBILE PHONE OFF","Miscellaneous Symbols and Pictographs"
"ğŸš¢",128674,10,0.818,0.308,0.154,0.538,0.231,"SHIP","Transport and Map Symbols"
"ğŸšš",128666,10,0.479,0.231,0.615,0.154,-0.077,"DELIVERY TRUCK","Transport and Map Symbols"
"ğŸ‰",128009,10,0.628,0.077,0.692,0.231,0.154,"DRAGON","Miscellaneous Symbols and Pictographs"
"â’",10066,10,0.587,0.077,0.615,0.308,0.231,"UPPER RIGHT SHADOWED WHITE SQUARE","Dingbats"
"ğŸŠ",128010,10,0.846,0.231,0.462,0.308,0.077,"CROCODILE","Miscellaneous Symbols and Pictographs"
"ğŸ””",128276,10,0.713,0.077,0.077,0.846,0.769,"BELL","Miscellaneous Symbols and Pictographs"
"â—¢",9698,10,0.572,0.077,0.231,0.692,0.615,"BLACK LOWER RIGHT TRIANGLE","Geometric Shapes"
"ğŸ¥",127973,9,0.648,0.167,0.417,0.417,0.25,"HOSPITAL","Miscellaneous Symbols and Pictographs"
"â”",10068,9,0.787,0.333,0.333,0.333,0,"WHITE QUESTION MARK ORNAMENT","Dingbats"
"ğŸš–",128662,9,0.8,0.333,0.417,0.25,-0.083,"ONCOMING TAXI","Transport and Map Symbols"
"ğŸƒ",127183,9,0.686,0.333,0.25,0.417,0.083,"PLAYING CARD BLACK JOKER","Playing Cards"
"â–¼",9660,9,0.657,0.25,0.417,0.333,0.083,"BLACK DOWN-POINTING TRIANGLE","Geometric Shapes"
"â–Œ",9612,9,0.421,0.417,0.417,0.167,-0.25,"LEFT HALF BLOCK","Block Elements"
"â˜›",9755,9,0.554,0.083,0.5,0.417,0.333,"BLACK RIGHT POINTING INDEX","Miscellaneous Symbols"
"âœ©",10025,9,0.266,0.083,0.833,0.083,0,"STRESS OUTLINED WHITE STAR","Dingbats"
"ğŸ’’",128146,9,0.794,0.083,0.333,0.583,0.5,"WEDDING","Miscellaneous Symbols and Pictographs"
"ğŸš¤",128676,9,0.504,0.083,0.5,0.417,0.333,"SPEEDBOAT","Transport and Map Symbols"
"ğŸ",128016,9,0.721,0.083,0.417,0.5,0.417,"GOAT","Miscellaneous Symbols and Pictographs"
"â– ",9632,9,0.79,0.5,0.25,0.25,-0.25,"BLACK SQUARE","Geometric Shapes"
"ğŸ”š",128282,9,0.869,0.167,0.333,0.5,0.333,"END WITH LEFTWARDS ARROW ABOVE","Miscellaneous Symbols and Pictographs"
"ğŸ»",127931,9,0.721,0.083,0.5,0.417,0.333,"VIOLIN","Miscellaneous Symbols and Pictographs"
"ğŸ”·",128311,9,0.368,0.083,0.667,0.25,0.167,"LARGE BLUE DIAMOND","Miscellaneous Symbols and Pictographs"
"ğŸš¦",128678,9,0.454,0.25,0.417,0.333,0.083,"VERTICAL TRAFFIC LIGHT","Transport and Map Symbols"
"ğŸ”“",128275,9,0.803,0.333,0.25,0.417,0.083,"OPEN LOCK","Miscellaneous Symbols and Pictographs"
"ğŸ½",127933,9,0.904,0.083,0.417,0.5,0.417,"RUNNING SHIRT WITH SASH","Miscellaneous Symbols and Pictographs"
"ğŸ“…",128197,9,0.597,0.25,0.333,0.417,0.167,"CALENDAR","Miscellaneous Symbols and Pictographs"
"ğŸº",127930,9,0.646,0.167,0.083,0.75,0.583,"TRUMPET","Miscellaneous Symbols and Pictographs"
"âœ¯",10031,9,0.321,0.083,0.833,0.083,0,"PINWHEEL STAR","Dingbats"
"ğŸˆ",127816,9,0.521,0.583,0.167,0.25,-0.333,"MELON","Miscellaneous Symbols and Pictographs"
"âœ‰",9993,9,0.441,0.167,0.417,0.417,0.25,"ENVELOPE","Dingbats"
"â•£",9571,9,0.642,0.083,0.833,0.083,0,"BOX DRAWINGS DOUBLE VERTICAL AND LEFT","Box Drawing"
"â—¤",9700,9,0.669,0.083,0.083,0.833,0.75,"BLACK UPPER LEFT TRIANGLE","Geometric Shapes"
"â—‹",9675,8,0.625,0.091,0.364,0.545,0.455,"WHITE CIRCLE","Geometric Shapes"
"ğŸ¼",127868,8,0.89,0.182,0.182,0.636,0.455,"BABY BOTTLE","Miscellaneous Symbols and Pictographs"
"ğŸ“€",128192,8,0.843,0.182,0.545,0.273,0.091,"DVD","Miscellaneous Symbols and Pictographs"
"ğŸš›",128667,8,0.552,0.273,0.636,0.091,-0.182,"ARTICULATED LORRY","Transport and Map Symbols"
"ğŸ““",128211,8,0.835,0.182,0.455,0.364,0.182,"NOTEBOOK","Miscellaneous Symbols and Pictographs"
"â˜‰",9737,8,0.986,0.091,0.636,0.273,0.182,"SUN","Miscellaneous Symbols"
"ğŸ’´",128180,8,0.837,0.364,0.455,0.182,-0.182,"BANKNOTE WITH YEN SIGN","Miscellaneous Symbols and Pictographs"
"â”¼",9532,8,0.595,0.273,0.455,0.273,0,"BOX DRAWINGS LIGHT VERTICAL AND HORIZONTAL","Box Drawing"
"ğŸƒ",128003,8,0.83,0.091,0.818,0.091,0,"WATER BUFFALO","Miscellaneous Symbols and Pictographs"
"â°",10160,8,0.255,0.455,0.182,0.364,-0.091,"CURLY LOOP","Dingbats"
"ğŸ”Œ",128268,8,0.844,0.364,0.364,0.273,-0.091,"ELECTRIC PLUG","Miscellaneous Symbols and Pictographs"
"ğŸ„",127812,8,0.482,0.273,0.455,0.273,0,"MUSHROOM","Miscellaneous Symbols and Pictographs"
"ğŸ“•",128213,8,0.688,0.182,0.455,0.364,0.182,"CLOSED BOOK","Miscellaneous Symbols and Pictographs"
"ğŸ“£",128227,8,0.665,0.182,0.273,0.545,0.364,"CHEERING MEGAPHONE","Miscellaneous Symbols and Pictographs"
"ğŸš“",128659,8,0.655,0.091,0.545,0.364,0.273,"POLICE CAR","Transport and Map Symbols"
"ğŸ—",128023,8,0.757,0.091,0.364,0.545,0.455,"BOAR","Miscellaneous Symbols and Pictographs"
"â†ª",8618,8,0.727,0.091,0.727,0.182,0.091,"RIGHTWARDS ARROW WITH HOOK","Arrows"
"â›³",9971,8,0.66,0.091,0.182,0.727,0.636,"FLAG IN HOLE","Miscellaneous Symbols"
"â”»",9531,8,0.436,0.636,0.091,0.273,-0.364,"BOX DRAWINGS HEAVY UP AND HORIZONTAL","Box Drawing"
"â”›",9499,8,0.712,0.091,0.273,0.636,0.545,"BOX DRAWINGS HEAVY UP AND LEFT","Box Drawing"
"â”ƒ",9475,8,0.496,0.091,0.455,0.455,0.364,"BOX DRAWINGS HEAVY VERTICAL","Box Drawing"
"ğŸ‘±",128113,7,0.584,0.2,0.5,0.3,0.1,"PERSON WITH BLOND HAIR","Miscellaneous Symbols and Pictographs"
"â³",9203,7,0.829,0.4,0.2,0.4,0,"HOURGLASS WITH FLOWING SAND","Miscellaneous Technical"
"ğŸ’º",128186,7,0.5,0.2,0.4,0.4,0.2,"SEAT","Miscellaneous Symbols and Pictographs"
"ğŸ‡",127943,7,0.829,0.4,0.3,0.3,-0.1,"HORSE RACING","Miscellaneous Symbols and Pictographs"
"â˜»",9787,7,0.808,0.2,0.4,0.4,0.2,"BLACK SMILING FACE","Miscellaneous Symbols"
"ğŸ“",128222,7,0.64,0.1,0.4,0.5,0.4,"TELEPHONE RECEIVER","Miscellaneous Symbols and Pictographs"
"â’¶",9398,7,0.467,0.3,0.5,0.2,-0.1,"CIRCLED LATIN CAPITAL LETTER A","Enclosed Alphanumerics"
"ğŸŒ‰",127753,7,0.848,0.1,0.3,0.6,0.5,"BRIDGE AT NIGHT","Miscellaneous Symbols and Pictographs"
"ğŸš©",128681,7,0.147,0.4,0.4,0.2,-0.2,"TRIANGULAR FLAG ON POST","Transport and Map Symbols"
"âœ",9998,7,0.547,0.1,0.3,0.6,0.5,"LOWER RIGHT PENCIL","Dingbats"
"ğŸ“ƒ",128195,7,0.754,0.1,0.4,0.5,0.4,"PAGE WITH CURL","Miscellaneous Symbols and Pictographs"
"ğŸ¨",127976,7,0.803,0.1,0.6,0.3,0.2,"HOTEL","Miscellaneous Symbols and Pictographs"
"ğŸ“Œ",128204,7,0.799,0.6,0.2,0.2,-0.4,"PUSHPIN","Miscellaneous Symbols and Pictographs"
"â™",9806,7,0.855,0.3,0.5,0.2,-0.1,"LIBRA","Miscellaneous Symbols"
"ğŸ’·",128183,7,0.573,0.1,0.4,0.5,0.4,"BANKNOTE WITH POUND SIGN","Miscellaneous Symbols and Pictographs"
"ğŸš„",128644,7,0.7,0.1,0.3,0.6,0.5,"HIGH-SPEED TRAIN","Transport and Map Symbols"
"â–²",9650,7,0.338,0.1,0.3,0.6,0.5,"BLACK UP-POINTING TRIANGLE","Geometric Shapes"
"â›µ",9973,7,0.324,0.1,0.3,0.6,0.5,"SAILBOAT","Miscellaneous Symbols"
"ğŸ”¸",128312,7,0.172,0.1,0.6,0.3,0.2,"SMALL ORANGE DIAMOND","Miscellaneous Symbols and Pictographs"
"âŒ›",8987,7,0.797,0.3,0.3,0.4,0.1,"HOURGLASS","Miscellaneous Technical"
"ğŸšœ",128668,7,0.767,0.1,0.1,0.8,0.7,"TRACTOR","Transport and Map Symbols"
"ğŸ†",128006,7,0.55,0.1,0.5,0.4,0.3,"LEOPARD","Miscellaneous Symbols and Pictographs"
"ğŸ‘’",128082,7,0.844,0.2,0.4,0.4,0.2,"WOMANS HAT","Miscellaneous Symbols and Pictographs"
"â•",10069,7,0.862,0.2,0.4,0.4,0.2,"WHITE EXCLAMATION MARK ORNAMENT","Dingbats"
"ğŸ”›",128283,7,0.474,0.2,0.2,0.6,0.4,"ON WITH EXCLAMATION MARK WITH LEFT RIGHT ARROW ABOVE","Miscellaneous Symbols and Pictographs"
"â™¢",9826,7,0.868,0.1,0.5,0.4,0.3,"WHITE DIAMOND SUIT","Miscellaneous Symbols"
"ğŸ‡²",127474,7,0.787,0.1,0.4,0.5,0.4,"REGIONAL INDICATOR SYMBOL LETTER M","Enclosed Alphanumeric Supplement"
"â…",10053,7,0.247,0.1,0.2,0.7,0.6,"TIGHT TRIFOLIATE SNOWFLAKE","Dingbats"
"ğŸ‘",128093,6,0.611,0.222,0.222,0.556,0.333,"POUCH","Miscellaneous Symbols and Pictographs"
"âœ",10014,6,0.509,0.111,0.444,0.444,0.333,"SHADOWED WHITE LATIN CROSS","Dingbats"
"â—¡",9697,6,0.947,0.111,0.556,0.333,0.222,"LOWER HALF CIRCLE","Geometric Shapes"
"ğŸ‹",127883,6,0.786,0.222,0.111,0.667,0.444,"TANABATA TREE","Miscellaneous Symbols and Pictographs"
"ğŸ‘¥",128101,6,0.838,0.222,0.333,0.444,0.222,"BUSTS IN SILHOUETTE","Miscellaneous Symbols and Pictographs"
"ğŸ“µ",128245,6,0.794,0.222,0.444,0.333,0.111,"NO MOBILE PHONES","Miscellaneous Symbols and Pictographs"
"ğŸ¡",128033,6,0.867,0.111,0.556,0.333,0.222,"BLOWFISH","Miscellaneous Symbols and Pictographs"
"â—†",9670,6,0.602,0.111,0.222,0.667,0.556,"BLACK DIAMOND","Geometric Shapes"
"ğŸ¯",127983,6,0.53,0.111,0.667,0.222,0.111,"JAPANESE CASTLE","Miscellaneous Symbols and Pictographs"
"â˜‚",9730,6,0.453,0.222,0.556,0.222,0,"UMBRELLA","Miscellaneous Symbols"
"ğŸ”­",128301,6,0.716,0.111,0.444,0.444,0.333,"TELESCOPE","Miscellaneous Symbols and Pictographs"
"ğŸª",127914,6,0.608,0.111,0.556,0.333,0.222,"CIRCUS TENT","Miscellaneous Symbols and Pictographs"
"ğŸœ",128028,6,0.88,0.111,0.333,0.556,0.444,"ANT","Miscellaneous Symbols and Pictographs"
"â™Œ",9804,6,0.79,0.111,0.222,0.667,0.556,"LEO","Miscellaneous Symbols"
"â˜",9744,6,0.538,0.778,0.111,0.111,-0.667,"BALLOT BOX","Miscellaneous Symbols"
"ğŸ‘·",128119,6,0.739,0.222,0.333,0.444,0.222,"CONSTRUCTION WORKER","Miscellaneous Symbols and Pictographs"
"â†³",8627,6,0.346,0.111,0.778,0.111,0,"DOWNWARDS ARROW WITH TIP RIGHTWARDS","Arrows"
"ğŸ”ˆ",128264,6,0.635,0.111,0.556,0.333,0.222,"SPEAKER","Miscellaneous Symbols and Pictographs"
"ğŸ“„",128196,6,0.624,0.111,0.111,0.778,0.667,"PAGE FACING UP","Miscellaneous Symbols and Pictographs"
"ğŸ“",128205,6,0.489,0.222,0.444,0.333,0.111,"ROUND PUSHPIN","Miscellaneous Symbols and Pictographs"
"ğŸš",128656,6,0.776,0.111,0.222,0.667,0.556,"MINIBUS","Transport and Map Symbols"
"ğŸš”",128660,6,0.522,0.222,0.556,0.222,0,"ONCOMING POLICE CAR","Transport and Map Symbols"
"ğŸŒ‹",127755,6,0.38,0.111,0.333,0.556,0.444,"VOLCANO","Miscellaneous Symbols and Pictographs"
"ğŸ“¡",128225,6,0.554,0.222,0.333,0.444,0.222,"SATELLITE ANTENNA","Miscellaneous Symbols and Pictographs"
"â©",9193,6,0.732,0.111,0.667,0.222,0.111,"BLACK RIGHT-POINTING DOUBLE TRIANGLE","Miscellaneous Technical"
"ğŸš³",128691,6,0.103,0.111,0.111,0.778,0.667,"NO BICYCLES","Transport and Map Symbols"
"âœ˜",10008,6,0.539,0.111,0.222,0.667,0.556,"HEAVY BALLOT X","Dingbats"
"Û",1758,6,0.472,0.111,0.778,0.111,0,"ARABIC START OF RUB EL HIZB","Arabic"
"â˜¾",9790,6,0.453,0.111,0.778,0.111,0,"LAST QUARTER MOON","Miscellaneous Symbols"
"ğŸ…°",127344,6,0.311,0.222,0.333,0.444,0.222,"NEGATIVE SQUARED LATIN CAPITAL LETTER A","Enclosed Alphanumeric Supplement"
"ğŸ“¥",128229,6,0.982,0.111,0.778,0.111,0,"INBOX TRAY","Miscellaneous Symbols and Pictographs"
"ğŸ‡¼",127484,6,0.734,0.111,0.444,0.444,0.333,"REGIONAL INDICATOR SYMBOL LETTER W","Enclosed Alphanumeric Supplement"
"â”“",9491,6,0.515,0.111,0.333,0.556,0.444,"BOX DRAWINGS HEAVY DOWN AND LEFT","Box Drawing"
"â”£",9507,6,0.487,0.111,0.333,0.556,0.444,"BOX DRAWINGS HEAVY VERTICAL AND RIGHT","Box Drawing"
"â“",9409,6,0.727,0.111,0.444,0.444,0.333,"CIRCLED LATIN CAPITAL LETTER L","Enclosed Alphanumerics"
"â’º",9402,6,0.815,0.111,0.444,0.444,0.333,"CIRCLED LATIN CAPITAL LETTER E","Enclosed Alphanumerics"
"ğŸ”¦",128294,5,0.853,0.125,0.75,0.125,0,"ELECTRIC TORCH","Miscellaneous Symbols and Pictographs"
"ğŸ‘¤",128100,5,0.786,0.125,0.25,0.625,0.5,"BUST IN SILHOUETTE","Miscellaneous Symbols and Pictographs"
"ğŸš",128641,5,0.51,0.125,0.625,0.25,0.125,"HELICOPTER","Transport and Map Symbols"
"ğŸ ",127904,5,0.574,0.125,0.375,0.5,0.375,"CAROUSEL HORSE","Miscellaneous Symbols and Pictographs"
"ğŸ",128001,5,0.419,0.375,0.5,0.125,-0.25,"MOUSE","Miscellaneous Symbols and Pictographs"
"ğŸ“—",128215,5,0.789,0.25,0.375,0.375,0.125,"GREEN BOOK","Miscellaneous Symbols and Pictographs"
"â”",9488,5,0.771,0.375,0.375,0.25,-0.125,"BOX DRAWINGS LIGHT DOWN AND LEFT","Box Drawing"
"â˜®",9774,5,0.75,0.375,0.25,0.375,0,"PEACE SYMBOL","Miscellaneous Symbols"
"â™‚",9794,5,0.58,0.125,0.625,0.25,0.125,"MALE SIGN","Miscellaneous Symbols"
"â—",9694,5,0.723,0.25,0.5,0.25,0,"LOWER RIGHT QUADRANT CIRCULAR ARC","Geometric Shapes"
"ğŸ“¯",128239,5,0.974,0.25,0.625,0.125,-0.125,"POSTAL HORN","Miscellaneous Symbols and Pictographs"
"ğŸ”©",128297,5,0.673,0.25,0.375,0.375,0.125,"NUT AND BOLT","Miscellaneous Symbols and Pictographs"
"ğŸ‘¢",128098,5,0.994,0.125,0.25,0.625,0.5,"WOMANS BOOTS","Miscellaneous Symbols and Pictographs"
"â—‚",9666,5,0.199,0.125,0.5,0.375,0.25,"BLACK LEFT-POINTING SMALL TRIANGLE","Geometric Shapes"
"ğŸ“°",128240,5,0.86,0.25,0.25,0.5,0.25,"NEWSPAPER","Miscellaneous Symbols and Pictographs"
"ğŸ“¶",128246,5,0.93,0.125,0.5,0.375,0.25,"ANTENNA WITH BARS","Miscellaneous Symbols and Pictographs"
"ğŸš¥",128677,5,0.724,0.25,0.5,0.25,0,"HORIZONTAL TRAFFIC LIGHT","Transport and Map Symbols"
"ğŸŒ„",127748,5,0.286,0.125,0.625,0.25,0.125,"SUNRISE OVER MOUNTAINS","Miscellaneous Symbols and Pictographs"
"ğŸ—¾",128510,5,0.739,0.125,0.5,0.375,0.25,"SILHOUETTE OF JAPAN","Miscellaneous Symbols and Pictographs"
"ğŸ”¶",128310,5,0.786,0.125,0.5,0.375,0.25,"LARGE ORANGE DIAMOND","Miscellaneous Symbols and Pictographs"
"ğŸ¤",127972,5,0.273,0.125,0.5,0.375,0.25,"EUROPEAN POST OFFICE","Miscellaneous Symbols and Pictographs"
"ğŸ©",127913,5,0.586,0.125,0.5,0.375,0.25,"TOP HAT","Miscellaneous Symbols and Pictographs"
"â“‚",9410,5,0.765,0.25,0.25,0.5,0.25,"CIRCLED LATIN CAPITAL LETTER M","Enclosed Alphanumerics"
"ğŸ”§",128295,5,0.677,0.625,0.125,0.25,-0.375,"WRENCH","Miscellaneous Symbols and Pictographs"
"ğŸ…",128005,5,0.819,0.125,0.625,0.25,0.125,"TIGER","Miscellaneous Symbols and Pictographs"
"â™®",9838,5,0.937,0.125,0.625,0.25,0.125,"MUSIC NATURAL SIGN","Miscellaneous Symbols"
"ğŸ…¾",127358,5,0.977,0.375,0.375,0.25,-0.125,"NEGATIVE SQUARED LATIN CAPITAL LETTER O","Enclosed Alphanumeric Supplement"
"ğŸ”„",128260,5,0.971,0.125,0.75,0.125,0,"ANTICLOCKWISE DOWNWARDS AND UPWARDS OPEN CIRCLE ARROWS","Miscellaneous Symbols and Pictographs"
"â˜„",9732,5,0.435,0.125,0.75,0.125,0,"COMET","Miscellaneous Symbols"
"â˜¨",9768,5,0.458,0.125,0.75,0.125,0,"CROSS OF LORRAINE","Miscellaneous Symbols"
